volcano_number,volcano_name,country,latitude,longitude,vei,start_year,start_day,eruption_times,eruption_start_time,eruption_start_time_numeric,eruption_start_time_numeric_full,eruption_frequency,primary_volcano_type
283001,Abu,Japan,34.5,131.6,2.0,-6850.0,0.0,1,6850-BCE-00-00,-6850.083333333333,-6849.997260273973,Low (0-2),Shield
342080,Acatenango,Guatemala,14.501,-90.876,1.0,1972.0,12.0,8,1972-11-12,1972.8661848445029,1972.866210045662,Medium (3-10),Stratovolcanoes
213004,Acigol-Nevsehir,Turkey,38.537,34.621,2.0,-2080.0,0.0,5,2080-BCE-00-00,-2080.083333333333,-2079.9972602739726,Medium (3-10),Calderas
321040,Adams,United States,46.206,-121.49,2.0,950.0,0.0,15,0950-00-00,949.9166666666666,950.0027397260274,High (>10),Stratovolcanoes
283170,Adatarayama,Japan,37.647,140.281,1.0,1996.0,1.0,13,1996-09-01,1996.6694042925972,1996.669406392694,High (>10),Stratovolcanoes
221170,Adwa,Ethiopia,10.07,40.84,2.0,1928.0,0.0,2,1928-00-00,1927.9166666666667,1928.0027397260276,Low (0-2),Stratovolcanoes
284160,Agrigan,United States,18.77,145.67,4.0,1917.0,9.0,1,1917-04-09,1917.2746386333768,1917.274657534247,Low (0-2),Stratovolcanoes
342100,Agua,Guatemala,14.465,-90.743,2.0,1541.0,11.0,1,1541-09-11,1541.6967805519057,1541.696803652968,Low (0-2),Stratovolcanoes
382090,Agua de Pau,Portugal,37.77,-25.47,2.0,1564.0,10.0,10,1564-02-10,1564.1107095926411,1564.1107305936073,Medium (3-10),Stratovolcanoes
358062,Aguilera,Chile,-50.33,-73.75,5.0,-1250.0,0.0,2,1250-BCE-00-00,-1250.0833333333333,-1249.9972602739726,Low (0-2),Stratovolcanoes
264020,Agung,Indonesia,-8.343,115.508,3.0,2017.0,21.0,5,2017-11-21,2017.89082347788,2017.890867579909,Medium (3-10),Stratovolcanoes
284141,Ahyi,United States,20.42,145.03,0.0,2014.0,24.0,3,2014-04-24,2014.315703022339,2014.3157534246573,Medium (3-10),Others
282080,Aira,Japan,31.593,130.657,1.0,2017.0,25.0,54,2017-03-25,2017.2351073149364,2017.235159817352,High (>10),Calderas
300125,Akademia Nauk,Russia,53.98,159.45,3.0,1996.0,2.0,4,1996-01-02,1996.0054752518613,1996.0054794520547,Medium (3-10),Stratovolcanoes
283130,Akagisan,Japan,36.56,139.193,2.0,1938.0,16.0,2,1938-07-16,1938.543802014893,1938.5438356164384,Low (0-2),Stratovolcanoes
285070,Akan,Japan,43.384,144.013,1.0,2008.0,18.0,37,2008-11-18,2008.882610600088,2008.8826484018264,High (>10),Calderas
283230,Akita-Komagatake,Japan,39.761,140.799,2.0,1970.0,18.0,18,1970-09-18,1970.715943933421,1970.71598173516,High (>10),Stratovolcanoes
283260,Akita-Yakeyama,Japan,39.964,140.757,1.0,1997.0,16.0,17,1997-08-16,1997.627135348226,1997.627168949772,High (>10),Stratovolcanoes
311320,Akutan,United States,54.134,-165.986,1.0,1992.0,18.0,47,1992-12-18,1992.965943933421,1992.96598173516,High (>10),Stratovolcanoes
290390,Alaid,Russia,50.861,155.565,1.0,2018.0,20.0,16,2018-08-20,2018.6380858519487,2018.638127853881,High (>10),Stratovolcanoes
221112,Alayta,Ethiopia,12.888,40.573,2.0,1915.0,0.0,2,1915-00-00,1914.9166666666667,1915.0027397260276,Low (0-2),Shield
353040,Alcedo,Ecuador,-0.43,-91.12,1.0,1993.0,5.0,3,1993-12-05,1993.930354796321,1993.930365296804,Medium (3-10),Shield
352031,Aliso,Ecuador,-0.53,-78.0,2.0,-2450.0,0.0,1,2450-BCE-00-00,-2450.083333333333,-2449.9972602739726,Low (0-2),Stratovolcanoes
342040,Almolonga,Guatemala,14.797,-91.519,2.0,1891.0,0.0,6,1891-00-00,1890.9166666666667,1891.0027397260276,Medium (3-10),Stratovolcanoes
300450,Alney-Chashakondzha,Russia,56.656,159.647,2.0,1600.0,0.0,3,1600-00-00,1599.9166666666667,1600.0027397260274,Medium (3-10),Stratovolcanoes
221060,Alu-Dalafilla,Ethiopia,13.793,40.553,3.0,2008.0,3.0,1,2008-11-03,2008.8415462111257,2008.841552511416,Low (0-2),Fissure Vents
221270,Alutu,Ethiopia,7.77,38.78,2.0,-50.0,0.0,1,50-BCE-00-00,-50.083333333333336,-49.9972602739726,Low (0-2),Stratovolcanoes
311390,Amak,United States,55.424,-163.149,2.0,1796.0,0.0,3,1796-00-00,1795.9166666666667,1796.0027397260274,Medium (3-10),Stratovolcanoes
257030,Ambae,Vanuatu,-15.389,167.835,3.0,2017.0,6.0,8,2017-09-06,2017.6830924222515,2017.6831050228311,Medium (3-10),Shield
273088,Ambalatungan Group,Philippines,17.32,121.1,1.0,1952.0,2.0,1,1952-07-02,1952.5054752518613,1952.5054794520547,Low (0-2),Complex
266020,Ambang,Indonesia,0.75,124.42,1.0,2005.0,22.0,2,2005-12-22,2005.976894437144,2005.9769406392693,Low (0-2),Complex
254020,Ambitle,Papua New Guinea,-4.08,153.65,2.0,-350.0,0.0,1,350-BCE-00-00,-350.0833333333333,-349.9972602739726,Low (0-2),Stratovolcanoes
257040,Ambrym,Vanuatu,-16.25,168.12,2.0,2008.0,23.0,55,2008-05-23,2008.3962987297416,2008.3963470319636,High (>10),Others
311190,Amukta,United States,52.5,-171.252,1.0,1997.0,3.0,8,1997-03-03,1997.1748795444591,1997.1748858447488,Medium (3-10),Stratovolcanoes
284200,Anatahan,United States,16.35,145.67,2.0,2007.0,27.0,4,2007-11-27,2007.9072492334649,2007.907305936073,Medium (3-10),Stratovolcanoes
354004,Andahua-Orcopampa,Peru,-15.42,-72.33,2.0,1913.0,6.0,4,1913-03-06,1913.1830924222515,1913.1831050228311,Medium (3-10),Craters and Cones
312090,Aniakchak,United States,56.88,-158.17,2.0,1951.0,25.0,18,1951-06-25,1951.4851073149364,1951.485159817352,High (>10),Calderas
357153,Antillanca Volcanic Complex,Chile,-40.783,-72.15,5.0,-230.0,0.0,2,230-BCE-00-00,-230.08333333333331,-229.9972602739726,Low (0-2),Stratovolcanoes
352030,Antisana,Ecuador,-0.481,-78.141,2.0,1801.0,0.0,3,1801-00-00,1800.9166666666667,1801.0027397260274,Medium (3-10),Stratovolcanoes
357080,Antuco,Chile,-37.406,-71.349,2.0,1972.0,2.0,16,1972-07-02,1972.5054752518613,1972.5054794520547,High (>10),Stratovolcanoes
284060,Aogashima,Japan,32.458,139.759,3.0,1780.0,27.0,7,1780-07-27,1780.5739159001314,1780.5739726027398,Medium (3-10),Stratovolcanoes
358024,Apagado,Chile,-41.88,-72.58,4.0,-590.0,0.0,1,590-BCE-00-00,-590.0833333333334,-589.9972602739726,Low (0-2),Craters and Cones
343010,Apaneca Range,El Salvador,13.891,-89.786,2.0,1990.0,13.0,1,1990-10-13,1990.7855891371005,1990.785616438356,Low (0-2),Stratovolcanoes
344091,Apoyeque,Nicaragua,12.242,-86.342,6.0,-50.0,0.0,4,50-BCE-00-00,-50.083333333333336,-49.9972602739726,Medium (3-10),Others
355160,Aracar,Argentina,-24.29,-67.783,2.0,1993.0,28.0,1,1993-03-28,1993.2433201927288,1993.2433789954337,Low (0-2),Stratovolcanoes
213040,Ararat,Turkey,39.7,44.3,3.0,1840.0,2.0,5,1840-07-02,1840.5054752518613,1840.5054794520547,Medium (3-10),Stratovolcanoes
221126,Ardoukoba,Djibouti,11.58,42.47,1.0,1978.0,7.0,1,1978-11-07,1978.852496714849,1978.8525114155248,Low (0-2),Fissure Vents
345033,Arenal,Costa Rica,10.463,-84.703,3.0,1968.0,29.0,28,1968-07-29,1968.579391151993,1968.5794520547945,High (>10),Stratovolcanoes
231090,"Arhab, Harra of",Yemen,15.63,44.08,0.0,500.0,0.0,2,0500-00-00,499.9166666666667,500.0027397260274,Low (0-2),Volcanic Fields
263290,Arjuno-Welirang,Indonesia,-7.733,112.575,2.0,1991.0,13.0,3,1991-09-13,1991.702255803767,1991.7022831050228,Medium (3-10),Stratovolcanoes
305011,Arxan-Chaihe,China,47.45,120.8,2.0,0.0,0.0,1,0-BCE-00-00,-0.0833333333333333,0.0027397260273972,Low (0-2),Craters and Cones
283110,Asamayama,Japan,36.406,138.523,2.0,2019.0,7.0,147,2019-08-07,2019.602496714849,2019.6025114155248,High (>10),Complex
385050,Ascension,United Kingdom,-7.95,-14.37,0.0,1508.0,0.0,3,1508-00-00,1507.9166666666667,1508.0027397260274,Medium (3-10),Stratovolcanoes
373060,Askja,Iceland,65.033,-16.783,2.0,1961.0,26.0,14,1961-10-26,1961.8211782742003,1961.8212328767124,High (>10),Stratovolcanoes
282110,Asosan,Japan,32.884,131.104,2.0,2019.0,16.0,186,2019-04-16,2019.293802014893,2019.2938356164384,High (>10),Calderas
284150,Asuncion,United States,19.671,145.406,2.0,1924.0,0.0,7,1924-00-00,1923.9166666666667,1924.0027397260276,Medium (3-10),Stratovolcanoes
282070,Ata,Japan,31.22,130.57,2.0,1615.0,7.0,27,1615-08-07,1615.602496714849,1615.6025114155252,High (>10),Calderas
352021,Atacazo,Ecuador,-0.353,-78.617,5.0,-320.0,0.0,4,320-BCE-00-00,-320.0833333333333,-319.9972602739726,Medium (3-10),Stratovolcanoes
311160,Atka,United States,52.331,-174.139,2.0,1996.0,29.0,3,1996-06-29,1996.49605781866,1996.4961187214608,Medium (3-10),Stratovolcanoes
320030,Atlin Volcanic Field,Canada,59.68,-133.32,2.0,1898.0,8.0,1,1898-11-08,1898.85523434078,1898.8552511415528,Low (0-2),Craters and Cones
241020,Auckland Volcanic Field,New Zealand,-36.9,174.87,2.0,1350.0,0.0,1,1350-00-00,1349.9166666666667,1350.0027397260274,Low (0-2),Volcanic Fields
313010,Augustine,United States,59.363,-153.43,3.0,2005.0,9.0,23,2005-12-09,2005.941305300044,2005.9413242009127,High (>10),Lava Domes
300100,Avachinsky,Russia,53.256,158.836,1.0,2001.0,5.0,58,2001-10-05,2001.763688129654,2001.763698630137,High (>10),Stratovolcanoes
331021,Axial Seamount,Undersea Features,45.95,-130.0,0.0,2015.0,23.0,12,2015-04-23,2015.3129653964083,2015.31301369863,High (>10),Others
353060,"Azul, Cerro",Ecuador,-0.92,-91.408,1.0,2008.0,29.0,15,2008-05-29,2008.4127244853264,2008.412785388128,High (>10),Shield
357060,"Azul, Cerro",Chile,-35.653,-70.761,2.0,1967.0,9.0,11,1967-08-09,1967.6079719667105,1967.60799086758,High (>10),Stratovolcanoes
283180,Azumayama,Japan,37.735,140.244,1.0,1977.0,7.0,24,1977-12-07,1977.9358300481824,1977.9358447488585,High (>10),Stratovolcanoes
274030,Babuyan Claro,Philippines,19.523,121.94,2.0,1924.0,0.0,9,1924-00-00,1923.9166666666667,1924.0027397260276,Medium (3-10),Stratovolcanoes
322090,Bachelor,United States,43.979,-121.688,2.0,-5800.0,0.0,1,5800-BCE-00-00,-5800.083333333333,-5799.997260273973,Low (0-2),Stratovolcanoes
255020,Bagana,Papua New Guinea,-6.137,155.196,2.0,2000.0,28.0,26,2000-02-28,2000.1599868593955,2000.1600456621004,High (>10),Others
300123,Bakening,Russia,53.905,158.07,2.0,-550.0,0.0,5,550-BCE-00-00,-550.0833333333334,-549.9972602739726,Medium (3-10),Stratovolcanoes
321010,Baker,United States,48.777,-121.813,2.0,1884.0,0.0,20,1884-00-00,1883.9166666666667,1884.0027397260276,High (>10),Stratovolcanoes
250020,Baluan,Papua New Guinea,-2.57,147.28,0.0,1931.0,0.0,1,1931-00-00,1930.9166666666667,1931.0027397260276,Low (0-2),Stratovolcanoes
273050,Banahaw,Philippines,14.07,121.48,2.0,1909.0,0.0,4,1909-00-00,1908.9166666666667,1909.0027397260276,Medium (3-10),Complex
265090,Banda Api,Indonesia,-4.523,129.881,3.0,1988.0,9.0,27,1988-05-09,1988.3579719667105,1988.35799086758,High (>10),Calderas
283160,Bandaisan,Japan,37.601,140.072,4.0,1888.0,15.0,14,1888-07-15,1888.5410643889616,1888.541095890411,High (>10),Stratovolcanoes
341020,Barcena,Mexico,19.3,-110.82,3.0,1952.0,1.0,1,1952-08-01,1952.586070959264,1952.5860730593608,Low (0-2),Craters and Cones
373030,Bardarbunga,Iceland,64.633,-17.516,0.0,2014.0,29.0,55,2014-08-29,2014.6627244853264,2014.662785388128,High (>10),Stratovolcanoes
300084,Barkhatnaya Sopka,Russia,52.802,158.24,2.0,-3550.0,0.0,1,3550-BCE-00-00,-3550.083333333333,-3549.9972602739726,Low (0-2),Lava Domes
222030,"Barrier, The",Kenya,2.32,36.57,2.0,1921.0,31.0,12,1921-12-31,1922.0015330705207,1922.001598173516,High (>10),Shield
345050,Barva,Costa Rica,10.135,-84.1,2.0,1867.0,0.0,2,1867-03-00,1867.1666666666667,1867.169406392694,Low (0-2),Complex
264010,Batur,Indonesia,-8.242,115.375,1.0,1999.0,15.0,28,1999-03-15,1999.2077310556283,1999.2077625570776,High (>10),Calderas
225060,Bayuda Volcanic Field,Sudan,18.33,32.75,2.0,850.0,0.0,1,0850-00-00,849.9166666666666,850.0027397260274,Low (0-2),Craters and Cones
322060,Belknap,United States,44.285,-121.841,2.0,480.0,0.0,4,0480-00-00,479.9166666666667,480.0027397260274,Medium (3-10),Shield
390022,Berlin,Antarctica,-76.05,-136.0,0.0,-8350.0,0.0,1,8350-BCE-00-00,-8350.083333333334,-8349.997260273973,Low (0-2),Shield
290040,Berutarubesan [Berutarube],Japan - administered by Russia,44.462,146.932,1.0,1812.0,0.0,1,1812-00-00,1811.9166666666667,1812.0027397260276,Low (0-2),Stratovolcanoes
300250,Bezymianny,Russia,55.972,160.595,3.0,2010.0,21.0,65,2010-05-21,2010.39082347788,2010.390867579909,High (>10),Stratovolcanoes
272080,Biliran,Philippines,11.523,124.535,1.0,1939.0,26.0,1,1939-09-26,1939.7378449408675,1939.737899543379,Low (0-2),Complex
255011,Billy Mitchell,Papua New Guinea,-6.092,155.225,6.0,1580.0,0.0,2,1580-00-00,1579.9166666666667,1580.0027397260274,Low (0-2),Others
324010,Black Butte Crater Lava Field,United States,43.183,-114.352,0.0,-8400.0,0.0,1,8400-BCE-00-00,-8400.083333333334,-8399.997260273973,Low (0-2),Shield
327050,Black Rock Desert,United States,38.97,-112.5,2.0,1290.0,0.0,1,1290-00-00,1289.9166666666667,1290.0027397260274,Low (0-2),Volcanic Fields
355210,"Blanco, Cerro",Argentina,-26.789,-67.765,7.0,-2300.0,0.0,1,2300-BCE-00-00,-2300.083333333333,-2299.9972602739726,Low (0-2),Calderas
311300,Bogoslof,United States,53.93,-168.03,3.0,2016.0,20.0,12,2016-12-20,2016.9714191852825,2016.9714611872143,High (>10),Others
300150,Bolshoi Semiachik,Russia,54.32,160.02,2.0,-4450.0,0.0,2,4450-BCE-00-00,-4450.083333333333,-4449.997260273973,Low (0-2),Stratovolcanoes
300360,Bolshoi-Kekuknaysky,Russia,56.483,157.917,3.0,-5310.0,0.0,1,5310-BCE-00-00,-5310.083333333333,-5309.997260273973,Low (0-2),Shield
386020,Bouvet,Norway,-54.408,3.351,2.0,1956.0,15.0,2,1956-07-15,1956.5410643889616,1956.541095890411,Low (0-2),Shield
351012,"Bravo, Cerro",Colombia,5.091,-75.293,4.0,1720.0,0.0,8,1720-00-00,1719.9166666666667,1720.0027397260274,Medium (3-10),Stratovolcanoes
371040,Brennisteinsfjoll,Iceland,63.933,-21.783,2.0,1341.0,0.0,9,1341-00-00,1340.9166666666667,1341.0027397260274,Medium (3-10),Craters and Cones
390080,Bristol Island,United Kingdom,-59.017,-26.533,1.0,2016.0,24.0,6,2016-04-24,2016.315703022339,2016.3157534246573,Medium (3-10),Stratovolcanoes
390010,Buckle Island,Antarctica,-66.78,163.25,2.0,1899.0,12.0,2,1899-01-12,1899.0328515111696,1899.0328767123287,Low (0-2),Stratovolcanoes
273010,Bulusan,Philippines,12.769,124.056,1.0,2017.0,5.0,24,2017-06-05,2017.430354796321,2017.430365296804,High (>10),Stratovolcanoes
272050,CabalÃ­an,Philippines,10.285,125.218,2.0,1820.0,0.0,1,1820-00-00,1819.9166666666667,1820.0027397260276,Low (0-2),Stratovolcanoes
357112,Caburgua-Huelemolle,Chile,-39.25,-71.75,2.0,-5050.0,0.0,1,5050-BCE-00-00,-5050.083333333333,-5049.997260273973,Low (0-2),Craters and Cones
273090,Cagua,Philippines,18.222,122.123,2.0,1860.0,0.0,1,1860-10-00,1860.75,1860.7527397260276,Low (0-2),Stratovolcanoes
210040,Calatrava Volcanic Field,Spain,38.87,-4.02,2.0,-3600.0,0.0,1,3600-BCE-00-00,-3600.083333333333,-3599.9972602739726,Low (0-2),Craters and Cones
358020,Calbuco,Chile,-41.33,-72.618,4.0,2015.0,22.0,37,2015-04-22,2015.3102277704772,2015.3102739726028,High (>10),Stratovolcanoes
357091,Callaqui,Chile,-37.92,-71.45,2.0,2012.0,2.0,7,2012-01-02,2012.0054752518613,2012.0054794520547,Medium (3-10),Stratovolcanoes
224010,Cameroon,Cameroon,4.203,9.17,2.0,2000.0,28.0,19,2000-05-28,2000.4099868593955,2000.4100456621004,High (>10),Stratovolcanoes
271080,Camiguin,Philippines,9.203,124.673,3.0,1948.0,1.0,6,1948-09-01,1948.6694042925972,1948.669406392694,Medium (3-10),Stratovolcanoes
274010,Camiguin de Babuyanes,Philippines,18.83,121.86,2.0,1857.0,0.0,1,1857-00-00,1856.9166666666667,1857.0027397260276,Low (0-2),Stratovolcanoes
211010,Campi Flegrei,Italy,40.827,14.139,3.0,1538.0,29.0,20,1538-09-29,1538.7460578186597,1538.7461187214612,High (>10),Calderas
211070,Campi Flegrei del Mar di Sicilia,Italy,37.1,12.7,1.0,1911.0,30.0,8,1911-09-30,1911.7487954445903,1911.7488584474888,Medium (3-10),Others
390100,Candlemas Island,United Kingdom,-57.08,-26.67,0.0,1953.0,31.0,4,1953-12-31,1954.0015330705207,1954.001598173516,Medium (3-10),Stratovolcanoes
357140,Carran-Los Venados,Chile,-40.35,-72.07,2.0,1979.0,14.0,3,1979-04-14,1979.2883267630311,1979.2883561643837,Medium (3-10),Craters and Cones
327110,Carrizozo,United States,33.78,-105.93,2.0,-3250.0,0.0,1,3250-BCE-00-00,-3250.083333333333,-3249.9972602739726,Low (0-2),Craters and Cones
352006,Cayambe,Ecuador,0.029,-77.986,2.0,1785.0,0.0,22,1785-02-00,1785.0833333333333,1785.0860730593608,High (>10),Complex
358012,Cayutue-La Vigueria,Chile,-41.25,-72.27,2.0,-190.0,0.0,1,190-BCE-00-00,-190.08333333333331,-189.9972602739726,Low (0-2),Craters and Cones
341030,Ceboruco,Mexico,21.125,-104.508,3.0,1870.0,21.0,4,1870-02-21,1870.14082347788,1870.140867579909,Medium (3-10),Stratovolcanoes
222010,Central Island,Kenya,3.496,36.04,1.0,1974.0,22.0,1,1974-07-22,1974.5602277704772,1974.5602739726028,Low (0-2),Craters and Cones
263170,Cereme,Indonesia,-6.895,108.408,2.0,2015.0,24.0,7,2015-06-24,2015.4823696890055,2015.482420091324,Medium (3-10),Stratovolcanoes
352022,Chacana,Ecuador,-0.375,-78.25,0.0,1773.0,0.0,5,1773-00-00,1772.9166666666667,1773.0027397260274,Medium (3-10),Calderas
290030,Chachadake [Tiatia],Japan - administered by Russia,44.353,146.252,1.0,1982.0,10.0,6,1982-02-10,1982.1107095926411,1982.1107305936075,Medium (3-10),Stratovolcanoes
352002,Chachimbiro,Ecuador,0.468,-78.287,3.0,-3740.0,0.0,1,3740-BCE-00-00,-3740.0833333333335,-3739.9972602739726,Low (0-2),Stratovolcanoes
210020,Chaine des Puys,France,45.775,2.97,2.0,-4040.0,0.0,8,4040-BCE-00-00,-4040.0833333333335,-4039.9972602739726,Medium (3-10),Lava Domes
305060,Changbaishan,China-North Korea,41.98,128.08,2.0,1903.0,15.0,10,1903-04-15,1903.2910643889616,1903.291095890411,Medium (3-10),Stratovolcanoes
300273,Cherpuk Group,Russia,55.55,157.47,2.0,-4550.0,0.0,1,4550-BCE-00-00,-4550.083333333333,-4549.997260273973,Low (0-2),Craters and Cones
341080,Chichinautzin,Mexico,19.08,-99.13,3.0,400.0,0.0,8,0400-00-00,399.9166666666667,400.0027397260274,Medium (3-10),Volcanic Fields
341120,"Chichon, El",Mexico,17.36,-93.228,5.0,1982.0,28.0,13,1982-03-28,1982.2433201927288,1982.2433789954337,High (>10),Lava Domes
312110,Chiginagak,United States,57.135,-156.99,1.0,1998.0,13.0,4,1998-08-13,1998.6189224704335,1998.6189497716896,Medium (3-10),Stratovolcanoes
290360,Chikurachki,Russia,50.324,155.461,2.0,2016.0,27.0,26,2016-07-27,2016.5739159001316,2016.57397260274,High (>10),Stratovolcanoes
351110,Chiles-Cerro Negro,Colombia-Ecuador,0.817,-77.938,2.0,1936.0,17.0,1,1936-07-17,1936.5465396408235,1936.5465753424655,Low (0-2),Stratovolcanoes
357070,"Chillan, Nevados de",Chile,-36.868,-71.378,2.0,2016.0,8.0,32,2016-01-08,2016.0219010074463,2016.021917808219,High (>10),Stratovolcanoes
290090,Chirippusan [Chirip],Japan - administered by Russia,45.338,147.92,1.0,1860.0,0.0,2,1860-00-00,1859.9166666666667,1860.0027397260276,Low (0-2),Stratovolcanoes
290150,Chirpoi,Russia,46.532,150.871,0.0,2012.0,11.0,9,2012-11-11,2012.863447218572,2012.8634703196344,Medium (3-10),Calderas
283220,Chokaisan,Japan,39.099,140.049,1.0,1974.0,1.0,32,1974-03-01,1974.1694042925972,1974.169406392694,High (>10),Stratovolcanoes
222130,Chyulu Hills,Kenya,-2.68,37.88,2.0,1855.0,0.0,2,1855-00-00,1854.9166666666667,1855.0027397260276,Low (0-2),Volcanic Fields
331030,Cleft Segment,Undersea Features,44.83,-130.3,0.0,1986.0,16.0,3,1986-08-16,1986.627135348226,1986.627168949772,Medium (3-10),Others
331020,CoAxial Segment,Undersea Features,46.52,-129.58,0.0,1993.0,26.0,2,1993-06-26,1993.4878449408675,1993.487899543379,Low (0-2),Others
341096,Cofre de Perote,Mexico,19.492,-97.15,2.0,1150.0,0.0,1,1150-00-00,1149.9166666666667,1150.0027397260274,Low (0-2),Shield
341040,Colima,Mexico,19.514,-103.62,2.0,2019.0,11.0,86,2019-05-11,2019.363447218572,2019.3634703196344,High (>10),Stratovolcanoes
211004,Colli Albani,Italy,41.73,12.7,2.0,-114.0,0.0,3,114-BCE-00-00,-114.08333333333331,-113.9972602739726,Medium (3-10),Calderas
344120,Concepcion,Nicaragua,11.538,-85.622,1.0,2009.0,11.0,34,2009-12-11,2009.9467805519052,2009.946803652968,High (>10),Stratovolcanoes
357090,Copahue,Chile-Argentina,-37.856,-71.183,2.0,2019.0,2.0,18,2019-08-02,2019.588808585195,2019.588812785388,High (>10),Stratovolcanoes
221290,Corbetti Caldera,Ethiopia,7.193,38.39,2.0,1957.0,2.0,1,1957-07-02,1957.5054752518613,1957.5054794520547,Low (0-2),Calderas
344010,Cosiguina,Nicaragua,12.98,-87.57,2.0,1859.0,25.0,7,1859-08-25,1859.6517739816031,1859.6518264840183,Medium (3-10),Stratovolcanoes
352050,Cotopaxi,Ecuador,-0.677,-78.436,2.0,2015.0,14.0,85,2015-08-14,2015.6216600963644,2015.621689497717,High (>10),Stratovolcanoes
322160,Crater Lake,United States,42.93,-122.12,2.0,-2850.0,0.0,5,2850-BCE-00-00,-2850.083333333333,-2849.9972602739726,Medium (3-10),Calderas
324020,Craters of the Moon,United States,43.42,-113.5,0.0,-130.0,0.0,14,130-BCE-00-00,-130.08333333333334,-129.9972602739726,High (>10),Craters and Cones
352003,Cuicocha,Ecuador,0.308,-78.364,2.0,650.0,0.0,4,0650-00-00,649.9166666666666,650.0027397260274,Medium (3-10),Calderas
351100,Cumbal,Colombia,0.95,-77.87,2.0,1926.0,20.0,2,1926-12-20,1926.9714191852825,1926.9714611872143,Low (0-2),Stratovolcanoes
341098,"Cumbres,  Las",Mexico,19.15,-97.27,2.0,-3920.0,0.0,1,3920-BCE-00-00,-3920.0833333333335,-3919.9972602739726,Low (0-2),Stratovolcanoes
221113,Dabbahu,Ethiopia,12.595,40.48,3.0,2005.0,26.0,4,2005-09-26,2005.7378449408675,2005.737899543379,Medium (3-10),Stratovolcanoes
252040,Dakataua,Papua New Guinea,-5.094,150.094,2.0,1895.0,0.0,3,1895-00-00,1894.9166666666667,1895.0027397260276,Medium (3-10),Calderas
221141,Dama Ali,Ethiopia,11.28,41.63,2.0,1631.0,14.0,1,1631-02-14,1631.1216600963644,1631.121689497717,Low (0-2),Shield
232010,Damavand,Iran,35.951,52.109,0.0,-5350.0,0.0,1,5350-BCE-00-00,-5350.083333333333,-5349.997260273973,Low (0-2),Stratovolcanoes
353030,Darwin,Ecuador,-0.18,-91.28,2.0,1813.0,6.0,3,1813-06-06,1813.4330924222515,1813.4331050228311,Medium (3-10),Shield
322100,Davis Lake,United States,43.57,-121.82,2.0,-2790.0,0.0,1,2790-BCE-00-00,-2790.083333333333,-2789.9972602739726,Low (0-2),Volcanic Fields
253060,Dawson Strait Group,Papua New Guinea,-9.62,150.88,2.0,1350.0,0.0,1,1350-00-00,1349.9166666666667,1350.0027397260274,Low (0-2),Volcanic Fields
390030,Deception Island,Antarctica,-63.001,-60.652,2.0,1987.0,23.0,30,1987-07-23,1987.5629653964083,1987.56301369863,High (>10),Calderas
261230,Dempo,Indonesia,-4.016,103.121,1.0,2017.0,9.0,28,2017-11-09,2017.8579719667105,2017.85799086758,High (>10),Stratovolcanoes
357050,Descabezado Grande,Chile,-35.58,-70.75,3.0,1932.0,5.0,1,1932-06-05,1932.430354796321,1932.430365296804,Low (0-2),Stratovolcanoes
231120,"Dhamar, Harras of",Yemen,14.57,44.67,2.0,1937.0,0.0,1,1937-00-00,1936.9166666666667,1937.0027397260276,Low (0-2),Volcanic Fields
322170,Diamond Craters,United States,43.1,-118.75,4.0,-5610.0,0.0,1,5610-BCE-00-00,-5610.083333333333,-5609.997260273973,Low (0-2),Volcanic Fields
263200,Dieng Volcanic Complex,Indonesia,-7.2,109.879,1.0,2018.0,1.0,31,2018-04-01,2018.2527376259309,2018.2527397260276,High (>10),Complex
300022,Diky Greben,Russia,51.452,156.978,2.0,350.0,0.0,4,0350-00-00,349.9166666666667,350.0027397260274,Medium (3-10),Lava Domes
221100,Dubbi,Eritrea,13.579,41.809,2.0,1900.0,0.0,4,1900-00-00,1899.9166666666667,1900.0027397260276,Medium (3-10),Stratovolcanoes
268010,Dukono,Indonesia,1.693,127.894,3.0,1933.0,13.0,5,1933-08-13,1933.6189224704335,1933.6189497716896,Medium (3-10),Complex
300110,Dzenzursky,Russia,53.637,158.922,2.0,1957.0,28.0,2,1957-01-28,1957.0766535260625,1957.0767123287671,Low (0-2),Complex
290380,Ebeko,Russia,50.686,156.014,2.0,2016.0,20.0,20,2016-10-20,2016.804752518616,2016.804794520548,High (>10),Stratovolcanoes
353011,Ecuador,Ecuador,-0.02,-91.546,0.0,1150.0,0.0,1,1150-00-00,1149.9166666666667,1150.0027397260274,Low (0-2),Shield
315040,Edgecumbe,United States,57.05,-135.75,2.0,-2220.0,0.0,3,2220-BCE-00-00,-2220.083333333333,-2219.9972602739726,Medium (3-10),Stratovolcanoes
320060,Edziza,Canada,57.72,-130.63,3.0,950.0,0.0,4,0950-00-00,949.9166666666666,950.0027397260274,Medium (3-10),Stratovolcanoes
214010,Elbrus,Russia,43.351,42.442,2.0,50.0,0.0,1,0050-00-00,49.91666666666666,50.0027397260274,Low (0-2),Stratovolcanoes
300590,Elovsky,Russia,57.55,160.53,4.0,-7550.0,0.0,1,7550-BCE-00-00,-7550.083333333333,-7549.997260273973,Low (0-2),Shield
222051,Emuruangogolak,Kenya,1.5,36.33,0.0,1910.0,0.0,8,1910-00-00,1909.9166666666667,1910.0027397260276,Medium (3-10),Shield
331010,Endeavour Segment,Canada,47.95,-129.1,0.0,-3490.0,0.0,2,3490-BCE-00-00,-3490.083333333333,-3489.9972602739726,Low (0-2),Others
257060,Epi,Vanuatu,-16.68,168.37,2.0,2004.0,16.0,14,2004-02-16,2004.127135348226,2004.127168949772,High (>10),Stratovolcanoes
213010,Erciyes Dagi,Turkey,38.531,35.447,2.0,253.0,0.0,2,0253-00-00,252.91666666666663,253.0027397260274,Low (0-2),Stratovolcanoes
390020,Erebus,Antarctica,-77.53,167.17,2.0,1972.0,16.0,22,1972-12-16,1972.9604686815596,1972.960502283105,High (>10),Stratovolcanoes
221080,Erta Ale,Ethiopia,13.6,40.67,0.0,1967.0,2.0,7,1967-07-02,1967.5054752518613,1967.5054794520547,Medium (3-10),Shield
285011,Esan,Japan,41.805,141.166,1.0,1874.0,8.0,8,1874-06-08,1874.438567674113,1874.4385844748856,Medium (3-10),Lava Domes
374020,Esjufjoll,Iceland,64.25,-16.583,1.0,1927.0,5.0,1,1927-09-05,1927.680354796321,1927.680365296804,Low (0-2),Stratovolcanoes
211060,Etna,Italy,37.748,14.999,2.0,2013.0,3.0,241,2013-09-03,2013.6748795444591,2013.6748858447488,High (>10),Stratovolcanoes
290050,Etorofu-Atosanupuri [Atosanupuri],Japan - administered by Russia,44.808,147.131,2.0,1932.0,0.0,2,1932-00-00,1931.9166666666667,1932.0027397260276,Low (0-2),Stratovolcanoes
290070,Etorofu-Yakeyama [Grozny Group],Japan - administered by Russia,45.012,147.871,2.0,2013.0,16.0,7,2013-02-16,2013.127135348226,2013.127168949772,Medium (3-10),Complex
372020,Eyjafjallajokull,Iceland,63.633,-19.633,4.0,2010.0,20.0,5,2010-03-20,2010.2214191852825,2010.2214611872143,Medium (3-10),Stratovolcanoes
284140,Farallon de Pajaros,United States,20.546,144.893,0.0,1967.0,27.0,18,1967-03-27,1967.240582566798,1967.2406392694063,High (>10),Stratovolcanoes
382010,Fayal,Portugal,38.6,-28.73,2.0,1957.0,27.0,2,1957-09-27,1957.740582566798,1957.7406392694063,Low (0-2),Stratovolcanoes
221190,Fentale,Ethiopia,8.975,39.93,0.0,1820.0,0.0,2,1820-00-00,1819.9166666666667,1820.0027397260276,Low (0-2),Stratovolcanoes
311350,Fisher,United States,54.65,-164.43,2.0,1830.0,0.0,6,1830-08-00,1830.5833333333333,1830.5860730593608,Medium (3-10),Stratovolcanoes
382001,Flores,Portugal,39.462,-31.216,2.0,-950.0,0.0,2,950-BCE-00-00,-950.0833333333334,-949.9972602739726,Low (0-2),Stratovolcanoes
384010,Fogo,Cape Verde,14.95,-24.35,3.0,2014.0,23.0,12,2014-11-23,2014.8962987297416,2014.8963470319636,High (>10),Stratovolcanoes
223001,Fort Portal,Uganda,0.7,30.25,2.0,-2120.0,0.0,2,2120-BCE-00-00,-2120.083333333333,-2119.9972602739726,Low (0-2),Craters and Cones
233020,"Fournaise, Piton de la",France,-21.244,55.708,2.0,2020.0,10.0,194,2020-02-10,2020.1107095926411,2020.1107305936075,High (>10),Shield
373070,Fremrinamar,Iceland,65.416,-16.666,2.0,1823.0,0.0,5,1823-00-00,1822.9166666666667,1823.0027397260276,Medium (3-10),Stratovolcanoes
342090,Fuego,Guatemala,14.473,-90.88,3.0,2002.0,4.0,79,2002-01-04,2002.0109505037235,2002.0109589041097,High (>10),Stratovolcanoes
283030,Fujisan,Japan,35.361,138.728,2.0,1854.0,23.0,67,1854-12-23,1854.9796320630749,1854.9796803652969,High (>10),Stratovolcanoes
282091,Fukue,Japan,32.657,128.849,2.0,-400.0,0.0,1,400-BCE-00-00,-400.0833333333333,-399.9972602739726,Low (0-2),Shield
382100,Furnas,Portugal,37.77,-25.32,5.0,1630.0,3.0,9,1630-09-03,1630.6748795444591,1630.6748858447488,Medium (3-10),Stratovolcanoes
334070,Galapagos Rift,Undersea Features,0.792,-86.15,0.0,1996.0,2.0,2,1996-07-02,1996.5054752518613,1996.5054794520547,Low (0-2),Others
351080,Galeras,Colombia,1.22,-77.37,2.0,2012.0,13.0,42,2012-05-13,2012.3689224704335,2012.3689497716896,High (>10),Complex
263140,Galunggung,Indonesia,-7.25,108.058,1.0,1984.0,9.0,7,1984-01-09,1984.0246386333768,1984.024657534247,Medium (3-10),Stratovolcanoes
268060,Gamalama,Indonesia,0.8,127.33,1.0,2018.0,4.0,87,2018-10-04,2018.7609505037235,2018.7609589041097,High (>10),Stratovolcanoes
300210,Gamchen,Russia,54.974,160.703,2.0,-550.0,0.0,2,550-BCE-00-00,-550.0833333333334,-549.9972602739726,Low (0-2),Complex
268040,Gamkonora,Indonesia,1.38,127.53,1.0,2013.0,23.0,14,2013-01-23,2013.0629653964083,2013.06301369863,High (>10),Stratovolcanoes
320200,Garibaldi,Canada,49.85,-123.0,3.0,-8060.0,0.0,1,8060-BCE-00-00,-8060.083333333333,-8059.997260273973,Low (0-2),Stratovolcanoes
257020,Gaua,Vanuatu,-14.27,167.5,1.0,2011.0,17.0,16,2011-09-17,2011.71320630749,2011.7132420091325,High (>10),Stratovolcanoes
263060,Gede-Pangrango,Indonesia,-6.77,106.965,2.0,1957.0,13.0,26,1957-03-13,1957.202255803767,1957.2022831050228,High (>10),Stratovolcanoes
214070,Ghegham Volcanic Ridge,Armenia,40.283,45.0,0.0,-1900.0,0.0,1,1900-BCE-00-00,-1900.0833333333333,-1899.9972602739729,Low (0-2),Volcanic Fields
321020,Glacier Peak,United States,48.112,-121.113,2.0,1700.0,0.0,8,1700-00-00,1699.9166666666667,1700.0027397260274,Medium (3-10),Stratovolcanoes
323170,Golden Trout Creek,United States,36.358,-118.32,2.0,-5550.0,0.0,1,5550-BCE-00-00,-5550.083333333333,-5549.997260273973,Low (0-2),Volcanic Fields
300070,Gorely,Russia,52.559,158.03,1.0,2010.0,6.0,53,2010-06-06,2010.4330924222515,2010.4331050228311,High (>10),Calderas
382040,Graciosa,Portugal,39.02,-27.97,2.0,-1950.0,0.0,1,1950-BCE-00-00,-1950.0833333333333,-1949.9972602739729,Low (0-2),Stratovolcanoes
383040,Gran Canaria,Spain,28.0,-15.58,2.0,40.0,0.0,11,0040-00-00,39.91666666666666,40.0027397260274,High (>10),Fissure Vents
371060,Grimsnes,Iceland,64.05,-20.883,2.0,-3500.0,0.0,11,3500-BCE-00-00,-3500.083333333333,-3499.9972602739726,High (>10),Craters and Cones
373010,Grimsvotn,Iceland,64.416,-17.316,4.0,2011.0,21.0,86,2011-05-21,2011.39082347788,2011.390867579909,High (>10),Calderas
352020,Guagua Pichincha,Ecuador,-0.171,-78.598,1.0,2009.0,16.0,44,2009-02-16,2009.127135348226,2009.127168949772,High (>10),Stratovolcanoes
263130,Guntur,Indonesia,-7.143,107.84,2.0,1887.0,0.0,27,1887-00-00,1886.9166666666667,1887.0027397260276,High (>10),Complex
284050,Hachijojima,Japan,33.137,139.766,2.0,1707.0,0.0,19,1707-00-00,1706.9166666666667,1707.0027397260274,High (>10),Stratovolcanoes
283250,Hachimantai,Japan,39.958,140.854,2.0,-5350.0,0.0,2,5350-BCE-00-00,-5350.083333333333,-5349.997260273973,Low (0-2),Stratovolcanoes
275001,Hainan Volcanic Field,China,19.905,110.229,2.0,1933.0,26.0,2,1933-06-26,1933.4878449408675,1933.487899543379,Low (0-2),Craters and Cones
283280,Hakkodasan,Japan,40.659,140.877,1.0,1550.0,0.0,7,1550-00-00,1549.9166666666667,1550.0027397260274,Medium (3-10),Stratovolcanoes
283020,Hakoneyama,Japan,35.233,139.021,1.0,2015.0,29.0,8,2015-06-29,2015.49605781866,2015.4961187214608,Medium (3-10),Complex
283050,Hakusan,Japan,36.155,136.771,2.0,1659.0,21.0,26,1659-04-21,1659.3074901445466,1659.3075342465754,High (>10),Stratovolcanoes
332060,Haleakala,United States,20.708,-156.25,2.0,1750.0,0.0,40,1750-00-00,1749.9166666666667,1750.0027397260274,High (>10),Shield
306040,Halla,South Korea,33.361,126.53,2.0,1007.0,0.0,4,1007-00-00,1006.9166666666666,1007.0027397260274,Medium (3-10),Shield
252100,Hargy,Papua New Guinea,-5.33,151.1,2.0,950.0,0.0,2,0950-00-00,949.9166666666666,950.0027397260274,Low (0-2),Stratovolcanoes
231001,Harrat Ash Shamah,Syria-Jordan-Saudi Arabia,32.333,37.583,0.0,1850.0,0.0,2,1850-00-00,1849.9166666666667,1850.0027397260276,Low (0-2),Volcanic Fields
283122,Harunasan,Japan,36.477,138.851,5.0,550.0,1.0,3,0550-06-01,550.4194042925975,550.4194063926941,Medium (3-10),Stratovolcanoes
213002,Hasan Dagi,Turkey,38.13,34.17,2.0,-6750.0,0.0,2,6750-BCE-00-00,-6750.083333333333,-6749.997260273973,Low (0-2),Stratovolcanoes
231110,"Haylan, Jabal",Yemen,15.4,45.1,0.0,-1200.0,0.0,1,1200-BCE-00-00,-1200.0833333333333,-1199.9972602739726,Low (0-2),Volcanic Fields
241140,Healy,New Zealand,-35.004,178.973,2.0,1360.0,0.0,1,1360-00-00,1359.9166666666667,1360.0027397260274,Low (0-2),Others
234010,Heard,Australia,-53.106,73.513,0.0,2012.0,5.0,13,2012-09-05,2012.680354796321,2012.680365296804,High (>10),Stratovolcanoes
372070,Hekla,Iceland,63.983,-19.666,3.0,2000.0,26.0,65,2000-02-26,2000.154511607534,2000.1545662100457,High (>10),Stratovolcanoes
324040,Hell's Half Acre,United States,43.5,-112.45,0.0,-3250.0,0.0,1,3250-BCE-00-00,-3250.083333333333,-3249.9972602739726,Low (0-2),Shield
371050,Hengill,Iceland,64.083,-21.416,2.0,150.0,0.0,13,0150-00-00,149.91666666666666,150.0027397260274,High (>10),Craters and Cones
383020,Hierro,Spain,27.73,-18.03,2.0,2011.0,10.0,7,2011-10-10,2011.777376259308,2011.777397260274,Medium (3-10),Shield
283131,Hiuchigatake,Japan,36.955,139.285,2.0,1544.0,28.0,2,1544-07-28,1544.5766535260625,1544.5767123287671,Low (0-2),Stratovolcanoes
390110,Hodson,United Kingdom,-56.712,-27.176,2.0,1930.0,0.0,2,1930-00-00,1929.9166666666667,1930.0027397260276,Low (0-2),Stratovolcanoes
285020,Hokkaido-Komagatake,Japan,42.063,140.677,1.0,2000.0,4.0,24,2000-09-04,2000.6776171703896,2000.677625570776,High (>10),Stratovolcanoes
322010,Hood,United States,45.374,-121.695,2.0,1907.0,28.0,9,1907-08-28,1907.6599868593955,1907.6600456621004,Medium (3-10),Stratovolcanoes
320080,Hoodoo Mountain,Canada,56.78,-131.28,0.0,-7050.0,0.0,1,7050-BCE-00-00,-7050.083333333333,-7049.997260273973,Low (0-2),Others
332040,Hualalai,United States,19.692,-155.87,0.0,1800.0,0.0,22,1800-00-00,1799.9166666666667,1800.0027397260274,High (>10),Shield
354005,Huambo,Peru,-15.83,-72.13,2.0,-700.0,0.0,1,700-BCE-00-00,-700.0833333333334,-699.9972602739726,Low (0-2),Volcanic Fields
357123,Huanquihue Group,Argentina,-39.887,-71.58,2.0,1750.0,0.0,1,1750-00-00,1749.9166666666667,1750.0027397260274,Low (0-2),Stratovolcanoes
354030,Huaynaputina,Peru,-16.608,-70.85,6.0,1600.0,17.0,2,1600-02-17,1600.1298729741568,1600.129908675799,Low (0-2),Stratovolcanoes
390028,Hudson Mountains,Antarctica,-74.33,-99.42,2.0,1985.0,2.0,2,1985-07-02,1985.5054752518613,1985.5054794520547,Low (0-2),Stratovolcanoes
358057,"Hudson, Cerro",Chile,-45.9,-72.97,2.0,2011.0,26.0,15,2011-10-26,2011.8211782742003,2011.8212328767124,High (>10),Stratovolcanoes
358030,Huequi,Chile,-42.377,-72.578,2.0,1920.0,0.0,7,1920-00-00,1919.9166666666667,1920.0027397260276,Medium (3-10),Lava Domes
341093,"Humeros, Los",Mexico,19.68,-97.45,2.0,-4470.0,0.0,1,4470-BCE-00-00,-4470.083333333333,-4469.997260273973,Low (0-2),Calderas
268030,Ibu,Indonesia,1.488,127.63,1.0,2008.0,5.0,5,2008-04-05,2008.263688129654,2008.263698630137,Medium (3-10),Stratovolcanoes
222161,Igwisi Hills,Tanzania,-4.889,31.933,1.0,-10450.0,0.0,1,10450-BCE-00-00,-10450.083333333334,-10449.997260273973,Low (0-2),Craters and Cones
263350,Ijen,Indonesia,-8.058,114.242,1.0,2002.0,29.0,11,2002-07-29,2002.579391151993,2002.5794520547945,High (>10),Stratovolcanoes
313020,Iliamna,United States,60.032,-153.09,2.0,1987.0,19.0,17,1987-03-19,1987.218681559352,1987.2187214611872,High (>10),Stratovolcanoes
264220,Iliboleng,Indonesia,-8.342,123.258,1.0,1993.0,16.0,20,1993-06-16,1993.4604686815596,1993.460502283105,High (>10),Stratovolcanoes
264250,Iliwerung,Indonesia,-8.53,123.57,0.0,2013.0,20.0,15,2013-08-20,2013.6380858519487,2013.638127853881,High (>10),Complex
343060,Ilopango,El Salvador,13.672,-89.053,3.0,1879.0,31.0,2,1879-12-31,1880.0015330705207,1880.001598173516,Low (0-2),Calderas
352004,Imbabura,Ecuador,0.258,-78.183,2.0,-5550.0,0.0,1,5550-BCE-00-00,-5550.083333333333,-5549.997260273973,Low (0-2),Complex
314060,Imuruk Lake,United States,65.517,-163.45,2.0,300.0,0.0,1,0300-00-00,299.9166666666667,300.0027397260274,Low (0-2),Shield
321070,Indian Heaven,United States,45.93,-121.82,2.0,-6250.0,0.0,1,6250-BCE-00-00,-6250.083333333333,-6249.997260273973,Low (0-2),Shield
357041,Infiernillo,Argentina,-35.123,-69.9,2.0,-6890.0,0.0,1,6890-BCE-00-00,-6890.083333333333,-6889.997260273973,Low (0-2),Volcanic Fields
264090,Inielika,Indonesia,-8.73,120.98,2.0,2001.0,11.0,2,2001-01-11,2001.0301138852387,2001.0301369863012,Low (0-2),Complex
264080,Inierie,Indonesia,-8.875,120.95,2.0,-8050.0,0.0,1,8050-BCE-00-00,-8050.083333333333,-8049.997260273973,Low (0-2),Stratovolcanoes
284120,Ioto,Japan,24.751,141.289,1.0,2012.0,10.0,23,2012-02-10,2012.1107095926411,2012.1107305936075,High (>10),Calderas
282020,Io-Torishima,Japan,27.881,128.223,1.0,1968.0,18.0,9,1968-07-18,1968.5492772667544,1968.549315068493,Medium (3-10),Complex
345060,Irazu,Costa Rica,9.979,-83.852,2.0,1994.0,8.0,39,1994-12-08,1994.938567674113,1994.9385844748856,High (>10),Stratovolcanoes
273042,Isarog,Philippines,13.658,123.38,2.0,-3500.0,0.0,1,3500-BCE-00-00,-3500.083333333333,-3499.9972602739726,Low (0-2),Stratovolcanoes
211030,Ischia,Italy,40.73,13.897,2.0,1302.0,18.0,24,1302-01-18,1302.0492772667542,1302.0493150684931,High (>10),Complex
320090,Iskut-Unuk River Cones,Canada,56.58,-130.55,2.0,1904.0,0.0,8,1904-00-00,1903.9166666666667,1904.0027397260276,Medium (3-10),Craters and Cones
233014,Itasy Volcanic Field,Madagascar,-19.033,46.7,2.0,-6050.0,0.0,2,6050-BCE-00-00,-6050.083333333333,-6049.997260273973,Low (0-2),Craters and Cones
283270,Iwakisan,Japan,40.656,140.303,1.0,1863.0,23.0,29,1863-03-23,1863.2296320630749,1863.2296803652969,High (>10),Stratovolcanoes
283240,Iwatesan,Japan,39.853,141.001,2.0,1934.0,0.0,31,1934-07-00,1934.5,1934.5027397260276,High (>10),Complex
264110,Iya,Indonesia,-8.891,121.641,1.0,1971.0,16.0,11,1971-06-16,1971.4604686815596,1971.460502283105,High (>10),Stratovolcanoes
263330,Iyang-Argapura,Indonesia,-7.97,113.57,2.0,1597.0,0.0,1,1597-00-00,1596.9166666666667,1597.0027397260274,Low (0-2),Complex
284010,Izu-Oshima,Japan,34.724,139.394,2.0,1990.0,4.0,108,1990-10-04,1990.7609505037235,1990.7609589041097,High (>10),Stratovolcanoes
283010,Izu-Tobu,Japan,34.9,139.098,1.0,1989.0,13.0,7,1989-07-13,1989.5355891371005,1989.535616438356,Medium (3-10),Craters and Cones
284090,Izu-Torishima,Japan,30.484,140.303,2.0,2013.0,6.0,7,2013-07-06,2013.5164257555848,2013.5164383561644,Medium (3-10),Stratovolcanoes
376010,Jan Mayen,Norway,71.082,-8.155,0.0,1985.0,6.0,8,1985-01-06,1985.0164257555848,1985.0164383561644,Medium (3-10),Stratovolcanoes
322020,Jefferson,United States,44.674,-121.8,2.0,950.0,0.0,2,0950-00-00,949.9166666666666,950.0027397260274,Low (0-2),Stratovolcanoes
305040,Jingbo,China,44.08,128.83,2.0,-520.0,0.0,3,520-BCE-00-00,-520.0833333333334,-519.9972602739726,Medium (3-10),Volcanic Fields
302060,Jom-Bolok,Russia,52.713,99.021,2.0,-5180.0,0.0,1,5180-BCE-00-00,-5180.083333333333,-5179.997260273973,Low (0-2),Volcanic Fields
322190,Jordan Craters,United States,43.147,-117.46,2.0,-1250.0,0.0,1,1250-BCE-00-00,-1250.0833333333333,-1249.9972602739726,Low (0-2),Volcanic Fields
261220,Kaba,Indonesia,-3.522,102.615,1.0,2000.0,22.0,13,2000-08-22,2000.6435611038107,2000.643607305936,High (>10),Stratovolcanoes
241010,Kaikohe-Bay of Islands,New Zealand,-35.3,173.9,2.0,400.0,0.0,1,0400-00-00,399.9166666666667,400.0027397260274,Low (0-2),Volcanic Fields
284100,Kaitoku Seamount,Japan,26.127,141.102,0.0,1986.0,18.0,4,1986-06-18,1986.465943933421,1986.46598173516,Medium (3-10),Others
311110,Kanaga,United States,51.923,-177.168,2.0,2012.0,18.0,24,2012-02-18,2012.132610600088,2012.1326484018264,High (>10),Stratovolcanoes
272020,Kanlaon,Philippines,10.412,123.132,2.0,2017.0,9.0,31,2017-12-09,2017.941305300044,2017.9413242009127,High (>10),Stratovolcanoes
223040,Karisimbi,DR Congo-Rwanda,-1.506,29.45,2.0,-8050.0,0.0,1,8050-BCE-00-00,-8050.083333333333,-8049.997260273973,Low (0-2),Stratovolcanoes
251030,Karkar,Papua New Guinea,-4.649,145.964,1.0,2014.0,26.0,19,2014-03-26,2014.2378449408675,2014.237899543379,High (>10),Stratovolcanoes
233010,Karthala,Comoros,-11.75,43.38,2.0,2007.0,12.0,35,2007-01-12,2007.0328515111696,2007.0328767123287,High (>10),Shield
300130,Karymsky,Russia,54.049,159.443,2.0,2019.0,16.0,53,2019-02-16,2019.127135348226,2019.127168949772,High (>10),Stratovolcanoes
372030,Katla,Iceland,63.633,-19.083,0.0,1999.0,17.0,132,1999-07-17,1999.5465396408235,1999.5465753424655,High (>10),Others
312170,Katmai,United States,58.28,-154.963,2.0,1931.0,8.0,6,1931-05-08,1931.35523434078,1931.3552511415528,Medium (3-10),Stratovolcanoes
214020,Kazbek,Georgia,42.7,44.5,2.0,-750.0,0.0,2,750-BCE-00-00,-750.0833333333334,-749.9972602739726,Low (0-2),Stratovolcanoes
264140,Kelimutu,Indonesia,-8.77,121.82,1.0,1968.0,3.0,3,1968-06-03,1968.4248795444591,1968.4248858447488,Medium (3-10),Complex
263280,Kelut,Indonesia,-7.93,112.308,4.0,2014.0,13.0,41,2014-02-13,2014.1189224704335,2014.1189497716896,High (>10),Stratovolcanoes
261170,Kerinci,Indonesia,-1.697,101.264,1.0,2018.0,21.0,37,2018-04-21,2018.3074901445464,2018.3075342465756,High (>10),Stratovolcanoes
290200,Ketoi,Russia,47.35,152.475,1.0,2018.0,21.0,5,2018-09-21,2018.724156811213,2018.724200913242,Medium (3-10),Stratovolcanoes
290300,Kharimkotan,Russia,49.12,154.508,5.0,1933.0,8.0,6,1933-01-08,1933.0219010074463,1933.021917808219,Medium (3-10),Stratovolcanoes
231060,"Khaybar, Harrat",Saudi Arabia,25.0,39.92,2.0,650.0,0.0,1,0650-00-00,649.9166666666666,650.0027397260274,Low (0-2),Volcanic Fields
300053,Khodutka,Russia,52.062,157.711,0.0,-300.0,0.0,3,300-BCE-00-00,-300.0833333333333,-299.9972602739726,Medium (3-10),Stratovolcanoes
360160,Kick 'em Jenny,Grenada,12.3,-61.64,0.0,2017.0,29.0,15,2017-03-29,2017.24605781866,2017.2461187214608,High (>10),Others
282060,Kikai,Japan,30.793,130.305,2.0,2019.0,2.0,25,2019-11-02,2019.838808585195,2019.838812785388,High (>10),Calderas
300180,Kikhpinych,Russia,54.489,160.251,2.0,1550.0,0.0,8,1550-00-00,1549.9166666666667,1550.0027397260274,Medium (3-10),Stratovolcanoes
332010,Kilauea,United States,19.421,-155.287,3.0,1983.0,3.0,96,1983-01-03,1983.0082128777924,1983.0082191780823,High (>10),Shield
282090,Kirishimayama,Japan,31.934,130.862,3.0,2018.0,1.0,85,2018-03-01,2018.1694042925972,2018.169406392694,High (>10),Shield
284110,Kita-Ioto,Japan,25.424,141.284,0.0,2003.0,4.0,19,2003-11-04,2003.8442838370563,2003.844292237443,High (>10),Stratovolcanoes
300260,Klyuchevskoy,Russia,56.056,160.642,2.0,2019.0,24.0,111,2019-10-24,2019.815703022339,2019.8157534246573,High (>10),Stratovolcanoes
290120,Kolokol Group,Russia,46.042,150.083,2.0,2009.0,26.0,11,2009-08-26,2009.654511607534,2009.6545662100457,High (>10),Stratovolcanoes
221200,Kone,Ethiopia,8.788,39.701,1.0,1820.0,0.0,1,1820-00-00,1819.9166666666667,1820.0027397260276,Low (0-2),Calderas
311161,Korovin,United States,52.381,-174.166,1.0,2006.0,25.0,14,2006-11-25,2006.9017739816031,2006.9018264840183,High (>10),Stratovolcanoes
300020,Koshelev,Russia,51.356,156.753,2.0,1741.0,0.0,5,1741-00-00,1740.9166666666667,1741.0027397260274,Medium (3-10),Stratovolcanoes
300122,Kostakan,Russia,53.83,158.05,1.0,1350.0,0.0,6,1350-00-00,1349.9166666666667,1350.0027397260274,Medium (3-10),Craters and Cones
284030,Kozushima,Japan,34.219,139.153,4.0,838.0,2.0,5,0838-08-02,838.5888085851949,838.5888127853881,Medium (3-10),Lava Domes
373080,Krafla,Iceland,65.715,-16.728,0.0,1984.0,4.0,24,1984-09-04,1984.6776171703896,1984.677625570776,High (>10),Calderas
262000,Krakatau,Indonesia,-6.102,105.423,3.0,2018.0,18.0,56,2018-06-18,2018.465943933421,2018.46598173516,High (>10),Calderas
300190,Krasheninnikov,Russia,54.596,160.27,2.0,1550.0,0.0,31,1550-00-00,1549.9166666666667,1550.0027397260274,High (>10),Calderas
252070,Krummel-Garbuna-Welcker,Papua New Guinea,-5.416,150.027,2.0,2008.0,13.0,4,2008-07-13,2008.5355891371005,2008.535616438356,Medium (3-10),Stratovolcanoes
371030,Krysuvik,Iceland,63.883,-22.083,1.0,1340.0,0.0,11,1340-00-00,1339.9166666666667,1340.0027397260274,High (>10),Craters and Cones
300050,Ksudach,Russia,51.844,157.572,5.0,1907.0,28.0,15,1907-03-28,1907.2433201927288,1907.2433789954337,High (>10),Stratovolcanoes
282050,Kuchinoerabujima,Japan,30.443,130.217,2.0,2020.0,11.0,30,2020-01-11,2020.0301138852387,2020.0301369863012,High (>10),Stratovolcanoes
282043,Kuchinoshima,Japan,29.968,129.926,2.0,1190.0,0.0,4,1190-00-00,1189.9166666666667,1190.0027397260274,Medium (3-10),Stratovolcanoes
282120,Kujusan,Japan,33.086,131.249,1.0,1995.0,11.0,14,1995-10-11,1995.7801138852387,1995.7801369863012,High (>10),Stratovolcanoes
304030,Kunlun Volcanic Group,China,35.52,80.2,2.0,1951.0,27.0,2,1951-05-27,1951.4072492334649,1951.407305936073,Low (0-2),Craters and Cones
283210,Kurikomayama,Japan,38.961,140.788,2.0,1950.0,15.0,8,1950-01-15,1950.0410643889616,1950.041095890411,Medium (3-10),Stratovolcanoes
300023,Kurile Lake,Russia,51.45,157.12,7.0,-6440.0,0.0,2,6440-BCE-00-00,-6440.083333333333,-6439.997260273973,Low (0-2),Calderas
283120,Kusatsu-Shiranesan,Japan,36.618,138.528,1.0,2018.0,23.0,31,2018-01-23,2018.0629653964083,2018.06301369863,High (>10),Stratovolcanoes
285080,Kussharo,Japan,43.615,144.427,2.0,1320.0,0.0,6,1320-00-00,1319.9166666666667,1320.0027397260274,Medium (3-10),Calderas
285034,Kuttara,Japan,42.491,141.16,1.0,1820.0,0.0,3,1820-00-00,1819.9166666666667,1820.0027397260276,Medium (3-10),Stratovolcanoes
257070,Kuwae,Vanuatu,-16.829,168.536,0.0,1980.0,20.0,18,1980-08-20,1980.6380858519487,1980.638127853881,High (>10),Calderas
373050,Kverkfjoll,Iceland,64.653,-16.647,0.0,1968.0,23.0,8,1968-05-23,1968.3962987297416,1968.3963470319636,Medium (3-10),Stratovolcanoes
222170,Kyejo,Tanzania,-9.229,33.792,2.0,1800.0,0.0,1,1800-00-00,1799.9166666666667,1800.0027397260274,Low (0-2),Stratovolcanoes
383010,La Palma,Spain,28.57,-17.83,2.0,1971.0,26.0,13,1971-10-26,1971.8211782742003,1971.8212328767124,High (>10),Stratovolcanoes
263320,Lamongan,Indonesia,-7.981,113.341,2.0,1953.0,4.0,42,1953-04-04,1953.2609505037235,1953.2609589041097,High (>10),Stratovolcanoes
252010,Langila,Papua New Guinea,-5.525,148.42,2.0,2016.0,2.0,27,2016-04-02,2016.2554752518613,2016.2554794520547,High (>10),Complex
371080,Langjokull,Iceland,64.85,-19.7,2.0,950.0,0.0,6,0950-00-00,949.9166666666666,950.0027397260274,Medium (3-10),Others
357122,Lanin,Chile-Argentina,-39.637,-71.502,2.0,560.0,0.0,8,0560-00-00,559.9166666666666,560.0027397260274,Medium (3-10),Stratovolcanoes
383060,Lanzarote,Spain,29.03,-13.63,2.0,1824.0,31.0,4,1824-07-31,1824.584866403855,1824.5849315068488,Medium (3-10),Fissure Vents
355100,Lascar,Chile,-23.37,-67.73,2.0,2015.0,30.0,36,2015-10-30,2015.832128777924,2015.8321917808216,High (>10),Stratovolcanoes
323080,Lassen Volcanic Center,United States,40.492,-121.508,3.0,1914.0,30.0,7,1914-05-30,1914.415462111257,1914.4155251141556,Medium (3-10),Stratovolcanoes
263260,Lawu,Indonesia,-7.625,111.192,1.0,1885.0,28.0,2,1885-11-28,1885.9099868593955,1885.9100456621004,Low (0-2),Stratovolcanoes
222120,"Lengai, Ol Doinyo",Tanzania,-2.764,35.914,0.0,2017.0,9.0,29,2017-04-09,2017.2746386333768,2017.274657534247,High (>10),Stratovolcanoes
271031,Leonard Range,Philippines,7.382,126.047,2.0,120.0,0.0,3,0120-00-00,119.91666666666669,120.0027397260274,Medium (3-10),Stratovolcanoes
264200,Leroboleng,Indonesia,-8.365,122.833,3.0,2003.0,26.0,4,2003-06-26,2003.4878449408675,2003.487899543379,Medium (3-10),Complex
264180,Lewotobi,Indonesia,-8.542,122.775,2.0,2014.0,6.0,24,2014-10-06,2014.7664257555848,2014.7664383561644,High (>10),Stratovolcanoes
360030,Liamuiga,Saint Kitts and Nevis,17.37,-62.8,2.0,1843.0,8.0,5,1843-02-08,1843.10523434078,1843.1052511415528,Medium (3-10),Stratovolcanoes
211042,Lipari,Italy,38.49,14.933,2.0,1230.0,0.0,3,1230-00-00,1229.9166666666667,1230.0027397260274,Medium (3-10),Stratovolcanoes
370030,Ljosufjoll,Iceland,64.9,-22.483,2.0,960.0,0.0,5,0960-00-00,959.9166666666666,960.0027397260274,Medium (3-10),Fissure Vents
357110,Llaima,Chile,-38.692,-71.729,3.0,2008.0,1.0,58,2008-01-01,2008.0027376259309,2008.0027397260276,High (>10),Stratovolcanoes
266100,Lokon-Empung,Indonesia,1.358,124.792,1.0,2015.0,30.0,31,2015-08-30,2015.665462111257,2015.6655251141556,High (>10),Stratovolcanoes
252130,Lolobau,Papua New Guinea,-4.92,151.158,4.0,1911.0,0.0,4,1911-00-00,1910.9166666666667,1911.0027397260276,Medium (3-10),Calderas
255030,Loloru,Papua New Guinea,-6.52,155.62,2.0,-1050.0,0.0,6,1050-BCE-00-00,-1050.0833333333333,-1049.9972602739726,Medium (3-10),Others
251050,Long Island,Papua New Guinea,-5.358,147.12,1.0,1993.0,3.0,12,1993-11-03,1993.8415462111257,1993.841552511416,High (>10),Complex
305050,Longgang Group,China,42.33,126.5,2.0,350.0,0.0,1,0350-00-00,349.9166666666667,350.0027397260274,Low (0-2),Craters and Cones
357100,Lonquimay,Chile,-38.379,-71.586,3.0,1988.0,25.0,5,1988-12-25,1988.9851073149364,1988.985159817352,Medium (3-10),Stratovolcanoes
231040,"Lunayyir, Harrat",Saudi Arabia,25.17,37.75,2.0,1000.0,0.0,1,1000-00-00,999.9166666666666,1000.0027397260274,Low (0-2),Volcanic Fields
242021,Macauley,New Zealand,-30.21,-178.475,0.0,1887.0,1.0,3,1887-12-01,1887.9194042925972,1887.919406392694,Medium (3-10),Calderas
382120,Madeira,Portugal,32.73,-16.97,2.0,-4500.0,0.0,1,4500-BCE-00-00,-4500.083333333333,-4499.997260273973,Low (0-2),Shield
272070,Mahagnao,Philippines,10.882,124.888,2.0,1895.0,0.0,1,1895-00-00,1894.9166666666667,1895.0027397260276,Low (0-2),Stratovolcanoes
266110,Mahawu,Indonesia,1.352,124.865,0.0,1977.0,16.0,7,1977-11-16,1977.877135348226,1977.877168949772,Medium (3-10),Stratovolcanoes
357021,Maipo,Chile-Argentina,-34.164,-69.832,2.0,1912.0,0.0,13,1912-00-00,1911.9166666666667,1912.0027397260276,High (>10),Calderas
311310,Makushin,United States,53.891,-166.923,1.0,1995.0,30.0,28,1995-01-30,1995.082128777924,1995.0821917808216,High (>10),Stratovolcanoes
300140,Maly Semyachik,Russia,54.135,159.674,2.0,1952.0,5.0,23,1952-12-05,1952.930354796321,1952.930365296804,High (>10),Calderas
323150,Mammoth Mountain,United States,37.631,-119.032,2.0,1260.0,0.0,2,1260-00-00,1259.9166666666667,1260.0027397260274,Low (0-2),Lava Domes
251020,Manam,Papua New Guinea,-4.08,145.037,2.0,2014.0,29.0,45,2014-06-29,2014.49605781866,2014.4961187214608,High (>10),Stratovolcanoes
221115,Manda Hararo,Ethiopia,12.17,40.82,2.0,2009.0,28.0,2,2009-06-28,2009.4933201927288,2009.4933789954337,Low (0-2),Shield
221122,Manda-Inakir,Ethiopia-Djibouti,12.38,42.2,2.0,1928.0,31.0,1,1928-12-31,1929.0015330705207,1929.001598173516,Low (0-2),Fissure Vents
261140,Marapi,Indonesia,-0.38,100.474,2.0,2018.0,27.0,68,2018-04-27,2018.3239159001316,2018.32397260274,High (>10),Complex
234070,Marion Island,South Africa,-46.9,37.75,1.0,2004.0,24.0,2,2004-06-24,2004.4823696890055,2004.482420091324,Low (0-2),Shield
273081,Mariveles,Philippines,14.527,120.482,2.0,-2050.0,0.0,1,2050-BCE-00-00,-2050.083333333333,-2049.9972602739726,Low (0-2),Stratovolcanoes
327040,Markagunt Plateau,United States,37.58,-112.67,2.0,1050.0,0.0,1,1050-00-00,1049.9166666666667,1050.0027397260274,Low (0-2),Volcanic Fields
241061,Maroa,New Zealand,-38.42,176.08,2.0,180.0,0.0,2,0180-00-00,179.91666666666666,180.0027397260274,Low (0-2),Calderas
225030,"Marra, Jebel",Sudan,12.95,24.27,4.0,-2000.0,0.0,1,2000-BCE-00-00,-2000.0833333333333,-1999.9972602739729,Low (0-2),Volcanic Fields
312140,Martin,United States,58.172,-155.361,2.0,1953.0,17.0,4,1953-02-17,1953.1298729741568,1953.129908675799,Medium (3-10),Stratovolcanoes
285061,Maruyama,Japan,43.418,143.031,2.0,1898.0,3.0,2,1898-12-03,1898.9248795444591,1898.9248858447488,Low (0-2),Stratovolcanoes
344100,Masaya,Nicaragua,11.985,-86.165,1.0,2015.0,3.0,42,2015-10-03,2015.7582128777924,2015.7582191780823,High (>10),Calderas
285081,Mashu,Japan,43.572,144.561,5.0,1080.0,0.0,7,1080-00-00,1079.9166666666667,1080.0027397260274,Medium (3-10),Calderas
258010,Matthew Island,France,-22.33,171.32,1.0,1976.0,27.0,7,1976-11-27,1976.9072492334649,1976.907305936073,Medium (3-10),Stratovolcanoes
271020,Matutum,Philippines,6.37,125.07,2.0,1911.0,7.0,4,1911-03-07,1911.1858300481824,1911.1858447488585,Medium (3-10),Stratovolcanoes
357061,"Maule, Laguna del",Chile,-36.058,-70.492,0.0,-50.0,0.0,4,50-BCE-00-00,-50.083333333333336,-49.9972602739726,Medium (3-10),Calderas
332030,Mauna Kea,United States,19.82,-155.47,2.0,-2460.0,0.0,6,2460-BCE-00-00,-2460.083333333333,-2459.9972602739726,Medium (3-10),Shield
332020,Mauna Loa,United States,19.475,-155.608,0.0,1984.0,25.0,110,1984-03-25,1984.2351073149364,1984.235159817352,High (>10),Shield
241021,Mayor Island,New Zealand,-37.28,176.25,5.0,-5060.0,0.0,2,5060-BCE-00-00,-5060.083333333333,-5059.997260273973,Low (0-2),Shield
320180,Meager,Canada,50.63,-123.5,5.0,-410.0,0.0,1,410-BCE-00-00,-410.0833333333333,-409.9972602739726,Low (0-2),Complex
323020,Medicine Lake,United States,41.611,-121.554,1.0,1910.0,0.0,10,1910-01-00,1910.0,1910.0027397260276,Medium (3-10),Shield
283262,Megata,Japan,39.95,139.73,2.0,-2050.0,0.0,2,2050-BCE-00-00,-2050.083333333333,-2049.9972602739726,Low (0-2),Others
225050,Meidob Volcanic Field,Sudan,15.32,26.47,0.0,-2950.0,0.0,6,2950-BCE-00-00,-2950.083333333333,-2949.9972602739726,Medium (3-10),Craters and Cones
390015,Melbourne,Antarctica,-74.35,164.7,2.0,1892.0,0.0,1,1892-00-00,1891.9166666666667,1892.0027397260276,Low (0-2),Stratovolcanoes
263250,Merapi,Indonesia,-7.54,110.446,3.0,2018.0,11.0,110,2018-05-11,2018.363447218572,2018.3634703196344,High (>10),Stratovolcanoes
263240,Merbabu,Indonesia,-7.454,110.44,2.0,1797.0,0.0,4,1797-00-00,1796.9166666666667,1797.0027397260274,Medium (3-10),Stratovolcanoes
222160,Meru,Tanzania,-3.25,36.75,2.0,1910.0,26.0,4,1910-10-26,1910.8211782742003,1910.8212328767124,Medium (3-10),Stratovolcanoes
212020,Methana,Greece,37.615,23.336,2.0,1922.0,0.0,2,1922-08-00,1922.5833333333333,1922.5860730593608,Low (0-2),Lava Domes
358040,Michinmahuida,Chile,-42.799,-72.445,2.0,1915.0,0.0,10,1915-00-00,1914.9166666666667,1915.0027397260276,Medium (3-10),Stratovolcanoes
341060,Michoacan-Guanajuato,Mexico,19.85,-101.75,4.0,1943.0,20.0,11,1943-02-20,1943.1380858519487,1943.138127853881,High (>10),Craters and Cones
283080,Midagahara,Japan,36.571,137.59,2.0,1858.0,8.0,7,1858-04-08,1858.2719010074463,1858.271917808219,Medium (3-10),Stratovolcanoes
284041,Mikurajima,Japan,33.874,139.602,2.0,-4100.0,0.0,2,4100-BCE-00-00,-4100.083333333333,-4099.997260273973,Low (0-2),Stratovolcanoes
290161,Milna,Russia,46.815,151.786,2.0,1944.0,0.0,6,1944-00-00,1943.9166666666667,1944.0027397260276,Medium (3-10),Stratovolcanoes
212030,Milos,Greece,36.699,24.439,1.0,140.0,0.0,1,0140-00-00,139.91666666666666,140.0027397260274,Low (0-2),Stratovolcanoes
284131,Minami-Hiyoshi,Japan,23.5,141.935,0.0,1996.0,11.0,6,1996-01-11,1996.0301138852387,1996.0301369863012,Medium (3-10),Others
345030,Miravalles,Costa Rica,10.748,-85.153,1.0,1946.0,14.0,2,1946-09-14,1946.7049934296977,1946.7050228310504,Low (0-2),Stratovolcanoes
284040,Miyakejima,Japan,34.094,139.526,1.0,2010.0,11.0,40,2010-04-11,2010.2801138852387,2010.2801369863012,High (>10),Stratovolcanoes
357130,Mocho-Choshuenco,Chile,-39.927,-72.027,2.0,1937.0,16.0,2,1937-06-16,1937.4604686815596,1937.460502283105,Low (0-2),Stratovolcanoes
311111,Moffett,United States,51.944,-176.747,2.0,-1600.0,0.0,3,1600-BCE-00-00,-1600.0833333333333,-1599.9972602739726,Medium (3-10),Stratovolcanoes
344110,Mombacho,Nicaragua,11.826,-85.968,2.0,1850.0,0.0,2,1850-00-00,1849.9166666666667,1850.0027397260276,Low (0-2),Stratovolcanoes
344090,Momotombo,Nicaragua,12.423,-86.539,2.0,2015.0,1.0,22,2015-12-01,2015.9194042925972,2015.919406392694,High (>10),Stratovolcanoes
323110,Mono Lake Volcanic Field,United States,38.0,-119.03,2.0,1890.0,23.0,5,1890-08-23,1890.6462987297416,1890.6463470319636,Medium (3-10),Craters and Cones
323120,Mono-Inyo Craters,United States,37.804,-119.029,4.0,1380.0,0.0,13,1380-00-00,1379.9166666666667,1380.0027397260274,High (>10),Lava Domes
390081,Montagu Island,United Kingdom,-58.445,-26.374,1.0,2001.0,1.0,2,2001-10-01,2001.7527376259309,2001.7527397260276,Low (0-2),Shield
290100,Moyorodake [Medvezhia],Japan - administered by Russia,45.389,148.838,1.0,1999.0,7.0,6,1999-10-07,1999.7691633815157,1999.769178082192,Medium (3-10),Stratovolcanoes
263251,Muria,Indonesia,-6.62,110.88,2.0,-160.0,0.0,1,160-BCE-00-00,-160.08333333333334,-159.9972602739726,Low (0-2),Stratovolcanoes
300060,Mutnovsky,Russia,52.449,158.196,1.0,2000.0,30.0,45,2000-06-30,2000.4987954445903,2000.4988584474888,High (>10),Complex
284070,Myojinsho,Japan,31.888,139.918,0.0,1988.0,18.0,23,1988-03-18,1988.215943933421,1988.21598173516,High (>10),Others
283100,Myokosan,Japan,36.891,138.114,2.0,-750.0,0.0,10,750-BCE-00-00,-750.0833333333334,-749.9972602739726,Medium (3-10),Stratovolcanoes
245030,Nabukelevu,Fiji,-19.12,177.98,2.0,1660.0,0.0,3,1660-00-00,1659.9166666666667,1660.0027397260274,Medium (3-10),Lava Domes
282040,Nakanoshima,Japan,29.859,129.857,1.0,1949.0,0.0,2,1949-10-00,1949.75,1949.7527397260276,Low (0-2),Stratovolcanoes
222040,Namarunu,Kenya,1.98,36.43,2.0,-6550.0,0.0,1,6550-BCE-00-00,-6550.083333333333,-6549.997260273973,Low (0-2),Shield
283141,Nantaisan,Japan,36.765,139.491,2.0,-9540.0,0.0,1,9540-BCE-00-00,-9540.083333333334,-9539.997260273973,Low (0-2),Stratovolcanoes
341095,Naolinco Volcanic Field,Mexico,19.67,-96.75,2.0,-1200.0,0.0,1,1200-BCE-00-00,-1200.0833333333333,-1199.9972602739726,Low (0-2),Craters and Cones
283200,Naruko,Japan,38.729,140.734,1.0,837.0,27.0,5,0837-05-27,837.4072492334648,837.407305936073,Medium (3-10),Calderas
283150,Nasudake,Japan,37.125,139.963,1.0,1963.0,20.0,21,1963-11-20,1963.8880858519487,1963.888127853881,High (>10),Stratovolcanoes
353050,"Negra, Sierra",Ecuador,-0.83,-91.17,2.0,2018.0,26.0,18,2018-06-26,2018.4878449408675,2018.487899543379,High (>10),Shield
344070,"Negro, Cerro",Nicaragua,12.506,-86.702,2.0,1999.0,5.0,24,1999-08-05,1999.5970214629872,1999.5970319634705,High (>10),Craters and Cones
344092,Nejapa-Miraflores,Nicaragua,12.12,-86.32,3.0,1060.0,0.0,8,1060-00-00,1059.9166666666667,1060.0027397260274,Medium (3-10),Fissure Vents
213020,Nemrut Dagi,Turkey,38.654,42.229,2.0,1692.0,13.0,27,1692-04-13,1692.2855891371005,1692.285616438356,High (>10),Stratovolcanoes
322110,Newberry,United States,43.722,-121.229,4.0,690.0,0.0,11,0690-00-00,689.9166666666666,690.0027397260274,High (>10),Shield
259010,Newer Volcanics Province,Australia,-37.77,142.5,2.0,-2900.0,0.0,4,2900-BCE-00-00,-2900.083333333333,-2899.9972602739726,Medium (3-10),Shield
222164,Ngozi,Tanzania,-8.989,33.554,2.0,1450.0,0.0,2,1450-00-00,1449.9166666666667,1450.0027397260274,Low (0-2),Calderas
283090,Niigata-Yakeyama,Japan,36.921,138.036,1.0,1998.0,30.0,20,1998-03-30,1998.2487954445903,1998.2488584474888,High (>10),Lava Domes
284020,Niijima,Japan,34.397,139.27,4.0,886.0,29.0,5,0886-06-29,886.4960578186597,886.4961187214612,Medium (3-10),Lava Domes
283140,Nikko-Shiranesan,Japan,36.799,139.376,2.0,1952.0,16.0,12,1952-07-16,1952.543802014893,1952.5438356164384,High (>10),Shield
285031,Niseko,Japan,42.875,140.659,2.0,-4900.0,0.0,1,4900-BCE-00-00,-4900.083333333333,-4899.997260273973,Low (0-2),Stratovolcanoes
212050,Nisyros,Greece,36.586,27.16,2.0,1888.0,25.0,4,1888-09-25,1888.7351073149364,1888.735159817352,Medium (3-10),Stratovolcanoes
243110,Niuafo'ou,Tonga,-15.6,-175.63,0.0,1985.0,21.0,14,1985-03-21,1985.224156811213,1985.224200913242,High (>10),Shield
283060,Norikuradake,Japan,36.106,137.554,3.0,-50.0,0.0,3,50-BCE-00-00,-50.083333333333336,-49.9972602739726,Medium (3-10),Stratovolcanoes
334050,Northern EPR at 9.8Â°N,Undersea Features,9.83,-104.3,0.0,2005.0,16.0,17,2005-08-16,2005.627135348226,2005.627168949772,High (>10),Others
283151,Numazawa,Japan,37.444,139.566,5.0,-3400.0,0.0,1,3400-BCE-00-00,-3400.083333333333,-3399.9972602739726,Low (0-2),Shield
284211,NW Rota-1,United States,14.601,144.775,0.0,2003.0,2.0,1,2003-07-02,2003.5054752518613,2003.5054794520547,Low (0-2),Others
223020,Nyamuragira,DR Congo,-1.408,29.2,0.0,2018.0,18.0,49,2018-04-18,2018.2992772667544,2018.299315068493,High (>10),Shield
223030,Nyiragongo,DR Congo,-1.52,29.25,2.0,2002.0,17.0,20,2002-05-17,2002.3798729741568,2002.379908675799,High (>10),Stratovolcanoes
300650,Nylgimelkin,Russia,57.97,160.65,2.0,-3550.0,0.0,1,3550-BCE-00-00,-3550.083333333333,-3549.9972602739726,Low (0-2),Shield
244010,Ofu-Olosega,United States,-14.175,-169.618,2.0,1866.0,12.0,1,1866-09-12,1866.699518177836,1866.6995433789957,Low (0-2),Shield
355130,"Ojos del Salado, Nevados",Chile-Argentina,-27.109,-68.541,1.0,1993.0,14.0,2,1993-11-14,1993.8716600963644,1993.871689497717,Low (0-2),Stratovolcanoes
241050,Okataina,New Zealand,-38.12,176.5,1.0,1981.0,16.0,31,1981-05-16,1981.377135348226,1981.377168949772,High (>10),Lava Domes
311290,Okmok,United States,53.43,-168.13,4.0,2008.0,12.0,19,2008-07-12,2008.5328515111696,2008.5328767123287,High (>10),Shield
224030,Oku Volcanic Field,Cameroon,6.25,10.5,2.0,1986.0,21.0,2,1986-08-21,1986.64082347788,1986.640867579909,Low (0-2),Stratovolcanoes
355050,Olca-Paruma,Chile-Bolivia,-20.939,-68.413,2.0,1865.0,0.0,1,1865-00-00,1864.9166666666667,1865.0027397260276,Low (0-2),Stratovolcanoes
222090,Olkaria,Kenya,-0.904,36.292,2.0,1770.0,0.0,3,1770-00-00,1769.9166666666667,1770.0027397260274,Medium (3-10),Craters and Cones
283142,Omanago Group,Japan,36.795,139.507,2.0,-3050.0,0.0,1,3050-BCE-00-00,-3050.083333333333,-3049.9972602739726,Low (0-2),Lava Domes
283040,Ontakesan,Japan,35.893,137.48,3.0,2014.0,27.0,5,2014-09-27,2014.740582566798,2014.7406392694063,Medium (3-10),Complex
300080,Opala,Russia,52.543,157.339,2.0,1894.0,0.0,7,1894-00-00,1893.9166666666667,1894.0027397260276,Medium (3-10),Calderas
374010,Oraefajokull,Iceland,64.05,-16.633,4.0,1727.0,3.0,2,1727-08-03,1727.5915462111257,1727.5915525114156,Low (0-2),Stratovolcanoes
341100,"Orizaba, Pico de",Mexico,19.03,-97.27,2.0,1846.0,0.0,27,1846-00-00,1845.9166666666667,1846.0027397260276,High (>10),Stratovolcanoes
285010,Oshima-Oshima,Japan,41.51,139.367,2.0,1790.0,0.0,6,1790-01-00,1790.0,1790.0027397260274,Medium (3-10),Stratovolcanoes
283290,Osorezan,Japan,41.279,141.12,2.0,1787.0,0.0,1,1787-00-00,1786.9166666666667,1787.0027397260274,Low (0-2),Stratovolcanoes
358010,Osorno,Chile,-41.105,-72.496,2.0,1869.0,0.0,18,1869-00-00,1868.9166666666667,1869.0027397260276,High (>10),Stratovolcanoes
342110,Pacaya,Guatemala,14.382,-90.601,1.0,2015.0,7.0,36,2015-06-07,2015.4358300481824,2015.4358447488585,High (>10),Complex
284170,Pagan,United States,18.13,145.8,2.0,2012.0,30.0,24,2012-10-30,2012.832128777924,2012.8321917808216,High (>10),Stratovolcanoes
222053,Paka,Kenya,0.92,36.18,4.0,-7550.0,0.0,1,7550-BCE-00-00,-7550.083333333333,-7549.997260273973,Low (0-2),Shield
358080,Pali-Aike Volcanic Field,Chile-Argentina,-52.082,-69.698,2.0,-5550.0,0.0,1,5550-BCE-00-00,-5550.083333333333,-5549.997260273973,Low (0-2),Craters and Cones
264150,Paluweh,Indonesia,-8.32,121.708,2.0,2012.0,8.0,10,2012-10-08,2012.7719010074463,2012.771917808219,Medium (3-10),Stratovolcanoes
211071,Pantelleria,Italy,36.77,12.02,2.0,1891.0,0.0,9,1891-12-00,1891.9166666666667,1891.919406392694,Medium (3-10),Shield
263100,Papandayan,Indonesia,-7.32,107.73,2.0,2002.0,11.0,4,2002-11-11,2002.863447218572,2002.8634703196344,Medium (3-10),Stratovolcanoes
355012,Parinacota,Chile-Bolivia,-18.166,-69.142,4.0,290.0,0.0,6,0290-00-00,289.9166666666667,290.0027397260274,Medium (3-10),Stratovolcanoes
312030,Pavlof,United States,55.417,-161.894,2.0,2016.0,27.0,47,2016-03-27,2016.240582566798,2016.2406392694063,High (>10),Stratovolcanoes
357066,Payun Matru,Argentina,-36.422,-69.241,0.0,-5050.0,0.0,1,5050-BCE-00-00,-5050.083333333333,-5049.997260273973,Low (0-2),Shield
360120,Pelee,France,14.809,-61.165,3.0,1929.0,16.0,54,1929-09-16,1929.7104686815596,1929.710502283105,High (>10),Stratovolcanoes
263291,Penanggungan,Indonesia,-7.616,112.62,2.0,200.0,0.0,1,0200-00-00,199.91666666666663,200.0027397260274,Low (0-2),Stratovolcanoes
390031,Penguin Island,Antarctica,-62.1,-57.93,2.0,1905.0,0.0,3,1905-00-00,1904.9166666666667,1905.0027397260276,Medium (3-10),Stratovolcanoes
263040,Perbakti-Gagak,Indonesia,-6.75,106.7,1.0,1939.0,6.0,7,1939-04-06,1939.2664257555848,1939.2664383561644,Medium (3-10),Stratovolcanoes
261030,Peuet Sague,Indonesia,4.903,96.289,2.0,2000.0,25.0,7,2000-12-25,2000.9851073149364,2000.985159817352,Medium (3-10),Complex
382020,Pico,Portugal,38.47,-28.4,0.0,1963.0,15.0,4,1963-12-15,1963.9577310556283,1963.9577625570776,Medium (3-10),Stratovolcanoes
382081,Picos Volcanic System,Portugal,37.78,-25.67,2.0,1652.0,19.0,7,1652-10-19,1652.802014892685,1652.8020547945205,Medium (3-10),Craters and Cones
344080,"Pilas, Las",Nicaragua,12.495,-86.688,2.0,1954.0,29.0,3,1954-10-29,1954.829391151993,1954.8294520547945,Medium (3-10),Complex
341001,Pinacate,Mexico,31.772,-113.498,2.0,1934.0,31.0,2,1934-12-31,1935.0015330705207,1935.001598173516,Low (0-2),Craters and Cones
273083,Pinatubo,Philippines,15.13,120.35,1.0,1993.0,16.0,8,1993-02-16,1993.127135348226,1993.127168949772,Medium (3-10),Stratovolcanoes
357040,Planchon-Peteroa,Chile,-35.223,-70.568,1.0,2018.0,7.0,24,2018-11-07,2018.852496714849,2018.8525114155248,High (>10),Stratovolcanoes
360110,"Plat Pays, Morne",Dominica,15.255,-61.341,2.0,1270.0,0.0,4,1270-00-00,1269.9166666666667,1270.0027397260274,Medium (3-10),Stratovolcanoes
390013,"Pleiades, The",Antarctica,-72.67,165.5,2.0,-1050.0,0.0,1,1050-BCE-00-00,-1050.0833333333333,-1049.9972602739726,Low (0-2),Stratovolcanoes
345040,Poas,Costa Rica,10.2,-84.233,2.0,2019.0,7.0,60,2019-02-07,2019.102496714849,2019.1025114155248,High (>10),Stratovolcanoes
275080,Popa,Burma (Myanmar),20.92,95.25,2.0,-442.0,0.0,1,442-BCE-00-00,-442.0833333333333,-441.9972602739726,Low (0-2),Stratovolcanoes
341090,Popocatepetl,Mexico,19.023,-98.622,2.0,2005.0,9.0,46,2005-01-09,2005.0246386333768,2005.024657534247,High (>10),Stratovolcanoes
214090,Porak,Armenia-Azerbaijan,40.028,45.74,2.0,-740.0,0.0,3,740-BCE-00-00,-740.0833333333334,-739.9972602739726,Medium (3-10),Stratovolcanoes
371070,Prestahnukur,Iceland,64.583,-20.666,0.0,-3350.0,0.0,3,3350-BCE-00-00,-3350.083333333333,-3349.9972602739726,Medium (3-10),Others
390140,Protector Seamounts,United Kingdom,-55.912,-28.167,0.0,1962.0,5.0,1,1962-03-05,1962.180354796321,1962.180365296804,Low (0-2),Others
355107,Pular,Chile,-24.188,-68.054,1.0,1990.0,24.0,1,1990-04-24,1990.315703022339,1990.3157534246573,Low (0-2),Stratovolcanoes
352011,Pululahua,Ecuador,0.038,-78.463,2.0,290.0,0.0,4,0290-00-00,289.9166666666667,290.0027397260274,Medium (3-10),Calderas
357160,Puntiagudo-Cordon Cenizos,Chile,-40.969,-72.264,2.0,1930.0,0.0,2,1930-00-00,1929.9166666666667,1930.0027397260276,Low (0-2),Stratovolcanoes
351060,Purace,Colombia,2.32,-76.4,2.0,1977.0,19.0,25,1977-03-19,1977.218681559352,1977.2187214611872,High (>10),Stratovolcanoes
357150,Puyehue-Cordon Caulle,Chile,-40.59,-72.117,5.0,2011.0,4.0,26,2011-06-04,2011.4276171703896,2011.427625570776,High (>10),Stratovolcanoes
360140,Qualibou,Saint Lucia,13.83,-61.05,1.0,1766.0,0.0,1,1766-00-00,1765.9166666666667,1766.0027397260274,Low (0-2),Calderas
357121,Quetrupillan,Chile,-39.496,-71.722,2.0,1872.0,6.0,5,1872-06-06,1872.4330924222515,1872.4331050228311,Medium (3-10),Stratovolcanoes
360020,"Quill, The",Netherlands,17.478,-62.96,2.0,250.0,0.0,3,0250-00-00,249.91666666666663,250.0027397260274,Medium (3-10),Stratovolcanoes
354000,Quimsachata,Peru,-14.176,-71.351,2.0,-4450.0,0.0,1,4450-BCE-00-00,-4450.083333333333,-4449.997260273973,Low (0-2),Lava Domes
252140,Rabaul,Papua New Guinea,-4.271,152.203,3.0,2014.0,7.0,19,2014-07-07,2014.5191633815157,2014.519178082192,High (>10),Others
231070,"Rahat, Harrat",Saudi Arabia,23.08,39.78,2.0,1292.0,0.0,3,1292-00-00,1291.9166666666667,1292.0027397260274,Medium (3-10),Volcanic Fields
321030,Rainier,United States,46.853,-121.76,1.0,1894.0,21.0,28,1894-11-21,1894.89082347788,1894.890867579909,High (>10),Stratovolcanoes
264071,Ranakah,Indonesia,-8.62,120.52,1.0,1991.0,16.0,2,1991-03-16,1991.2104686815596,1991.210502283105,Low (0-2),Lava Domes
261251,Ranau,Indonesia,-4.871,103.925,2.0,1903.0,9.0,2,1903-12-09,1903.941305300044,1903.9413242009127,Low (0-2),Calderas
242030,Raoul Island,New Zealand,-29.27,-177.92,1.0,2006.0,17.0,19,2006-03-17,2006.21320630749,2006.2132420091325,High (>10),Stratovolcanoes
290220,Rasshua,Russia,47.77,153.02,1.0,1957.0,16.0,2,1957-10-16,1957.793802014893,1957.7938356164384,Low (0-2),Stratovolcanoes
263340,Raung,Indonesia,-8.119,114.056,3.0,2015.0,1.0,69,2015-02-01,2015.086070959264,2015.0860730593608,High (>10),Stratovolcanoes
290020,Raususan [Mendeleev],Japan - administered by Russia,43.979,145.733,2.0,1900.0,0.0,3,1900-00-00,1899.9166666666667,1900.0027397260276,Medium (3-10),Stratovolcanoes
358063,Reclus,Chile,-50.964,-73.585,1.0,1908.0,0.0,4,1908-00-00,1907.9166666666667,1908.0027397260276,Medium (3-10),Craters and Cones
327812,Red Hill,United States,34.25,-108.83,2.0,-9450.0,0.0,3,9450-BCE-00-00,-9450.083333333334,-9449.997260273973,Medium (3-10),Volcanic Fields
241060,Reporoa,New Zealand,-38.42,176.33,2.0,1180.0,0.0,1,1180-00-00,1179.9166666666667,1180.0027397260274,Low (0-2),Calderas
352010,Reventador,Ecuador,-0.077,-77.656,2.0,2008.0,27.0,26,2008-07-27,2008.5739159001316,2008.57397260274,High (>10),Stratovolcanoes
371020,Reykjanes,Iceland,63.85,-22.566,0.0,1970.0,2.0,22,1970-07-02,1970.5054752518613,1970.5054794520547,High (>10),Craters and Cones
345020,Rincon de la Vieja,Costa Rica,10.83,-85.324,2.0,2020.0,31.0,33,2020-01-31,2020.084866403855,2020.0849315068488,High (>10),Complex
264030,Rinjani,Indonesia,-8.42,116.47,2.0,2016.0,1.0,21,2016-08-01,2016.586070959264,2016.5860730593608,High (>10),Stratovolcanoes
241100,Ruapehu,New Zealand,-39.28,175.57,1.0,2007.0,25.0,66,2007-09-25,2007.7351073149364,2007.735159817352,High (>10),Stratovolcanoes
351020,"Ruiz, Nevado del",Colombia,4.892,-75.324,2.0,2019.0,23.0,27,2019-07-23,2019.5629653964083,2019.56301369863,High (>10),Stratovolcanoes
241130,Rumble III,New Zealand,-35.745,178.478,0.0,2008.0,2.0,6,2008-07-02,2008.5054752518613,2008.5054794520547,Medium (3-10),Others
222166,Rungwe,Tanzania,-9.135,33.668,2.0,1250.0,0.0,3,1250-00-00,1249.9166666666667,1250.0027397260274,Medium (3-10),Stratovolcanoes
360010,Saba,Netherlands,17.63,-63.23,2.0,1640.0,0.0,1,1640-00-00,1639.9166666666667,1640.0027397260274,Low (0-2),Stratovolcanoes
354006,Sabancaya,Peru,-15.787,-71.857,3.0,2016.0,6.0,14,2016-11-06,2016.849759088918,2016.8497716894976,High (>10),Stratovolcanoes
263050,Salak,Indonesia,-6.72,106.73,2.0,1938.0,31.0,6,1938-01-31,1938.084866403855,1938.0849315068488,Medium (3-10),Stratovolcanoes
323200,Salton Buttes,United States,33.197,-115.616,2.0,210.0,0.0,3,0210-00-00,209.91666666666663,210.0027397260274,Medium (3-10),Lava Domes
344020,San Cristobal,Nicaragua,12.702,-87.004,2.0,2019.0,4.0,35,2019-03-04,2019.1776171703896,2019.177625570776,High (>10),Stratovolcanoes
329020,San Francisco Volcanic Field,United States,35.347,-111.678,4.0,1075.0,0.0,1,1075-00-00,1074.9166666666667,1075.0027397260274,Low (0-2),Craters and Cones
357020,San Jose,Chile-Argentina,-33.789,-69.895,2.0,1960.0,2.0,9,1960-07-02,1960.5054752518613,1960.5054794520547,Medium (3-10),Stratovolcanoes
341110,San Martin,Mexico,18.57,-95.2,2.0,1932.0,31.0,16,1932-12-31,1933.0015330705207,1933.001598173516,High (>10),Shield
273060,San Pablo Volcanic Field,Philippines,14.12,121.3,2.0,1350.0,0.0,1,1350-00-00,1349.9166666666667,1350.0027397260274,Low (0-2),Stratovolcanoes
355070,San Pedro-San Pablo,Chile,-21.888,-68.391,2.0,1960.0,2.0,10,1960-12-02,1960.9221419185285,1960.9221461187212,Medium (3-10),Stratovolcanoes
343050,San Salvador,El Salvador,13.734,-89.294,3.0,1917.0,7.0,7,1917-06-07,1917.4358300481824,1917.4358447488585,Medium (3-10),Stratovolcanoes
283002,Sanbesan,Japan,35.141,132.622,2.0,650.0,0.0,3,0650-00-00,649.9166666666666,650.0027397260274,Medium (3-10),Stratovolcanoes
322040,Sand Mountain Field,United States,44.38,-121.93,4.0,-950.0,0.0,2,950-BCE-00-00,-950.0833333333334,-949.9972602739726,Low (0-2),Craters and Cones
352090,Sangay,Ecuador,-2.005,-78.341,2.0,2019.0,26.0,11,2019-03-26,2019.2378449408675,2019.237899543379,High (>10),Stratovolcanoes
264050,Sangeang Api,Indonesia,-8.2,119.07,2.0,2017.0,15.0,21,2017-07-15,2017.5410643889616,2017.541095890411,High (>10),Complex
343020,Santa Ana,El Salvador,13.853,-89.63,3.0,2005.0,16.0,19,2005-06-16,2005.4604686815596,2005.460502283105,High (>10),Stratovolcanoes
351021,Santa Isabel,Colombia,4.818,-75.365,2.0,-850.0,0.0,4,850-BCE-00-00,-850.0833333333334,-849.9972602739726,Medium (3-10),Shield
342030,Santa Maria,Guatemala,14.757,-91.552,3.0,1922.0,22.0,3,1922-06-22,1922.476894437144,1922.4769406392693,Medium (3-10),Stratovolcanoes
353090,Santiago,Ecuador,-0.22,-90.77,0.0,1904.0,0.0,3,1904-00-00,1903.9166666666667,1904.0027397260276,Medium (3-10),Shield
212040,Santorini,Greece,36.404,25.396,2.0,1950.0,10.0,13,1950-01-10,1950.027376259308,1950.027397260274,High (>10),Shield
290240,Sarychev Peak,Russia,48.092,153.2,2.0,2019.0,16.0,21,2019-05-16,2019.377135348226,2019.377168949772,High (>10),Stratovolcanoes
290080,Sashiusudake [Baransky],Japan - administered by Russia,45.1,148.019,1.0,1951.0,15.0,3,1951-07-15,1951.5410643889616,1951.541095890411,Medium (3-10),Stratovolcanoes
390090,Saunders,United Kingdom,-57.8,-26.483,1.0,2014.0,12.0,9,2014-11-12,2014.8661848445029,2014.866210045662,Medium (3-10),Stratovolcanoes
244040,Savai'i,Samoa,-13.612,-172.525,2.0,1905.0,4.0,12,1905-08-04,1905.5942838370563,1905.594292237443,High (>10),Shield
255070,Savo,Solomon Islands,-9.13,159.82,2.0,1865.0,0.0,4,1865-00-00,1864.9166666666667,1865.0027397260276,Medium (3-10),Stratovolcanoes
231160,"Sawad, Harra Es-",Yemen,13.58,46.12,3.0,1253.0,0.0,1,1253-00-00,1252.9166666666667,1253.0027397260274,Low (0-2),Volcanic Fields
390050,Seal Nunataks Group,Antarctica,-65.03,-60.05,2.0,1980.0,15.0,2,1980-06-15,1980.4577310556283,1980.4577625570776,Low (0-2),Craters and Cones
311180,Seguam,United States,52.315,-172.51,2.0,1993.0,28.0,13,1993-05-28,1993.4099868593955,1993.4100456621004,High (>10),Stratovolcanoes
263300,Semeru,Indonesia,-8.108,112.922,3.0,2014.0,1.0,65,2014-04-01,2014.2527376259309,2014.2527397260276,High (>10),Stratovolcanoes
311060,Semisopochnoi,United States,51.93,179.58,2.0,2019.0,7.0,9,2019-12-07,2019.9358300481824,2019.9358447488585,Medium (3-10),Stratovolcanoes
265070,Serua,Indonesia,-6.312,130.017,2.0,1921.0,18.0,12,1921-09-18,1921.715943933421,1921.71598173516,High (>10),Stratovolcanoes
382080,Sete Cidades,Portugal,37.87,-25.78,0.0,1880.0,0.0,16,1880-00-00,1879.9166666666667,1880.0027397260276,High (>10),Stratovolcanoes
261020,Seulawah Agam,Indonesia,5.448,95.658,2.0,1839.0,12.0,2,1839-01-12,1839.0328515111696,1839.0328767123287,Low (0-2),Stratovolcanoes
300700,Severny,Russia,58.28,160.87,2.0,-1550.0,0.0,1,1550-BCE-00-00,-1550.0833333333333,-1549.9972602739726,Low (0-2),Shield
323010,Shasta,United States,41.409,-122.193,2.0,1786.0,0.0,23,1786-00-00,1785.9166666666667,1786.0027397260274,High (>10),Stratovolcanoes
300270,Sheveluch,Russia,56.653,161.36,4.0,1999.0,15.0,105,1999-08-15,1999.6243977222955,1999.6244292237443,High (>10),Stratovolcanoes
285040,Shikotsu,Japan,42.688,141.38,1.0,1981.0,27.0,43,1981-02-27,1981.1572492334649,1981.157305936073,High (>10),Calderas
285090,Shiretoko-Iozan,Japan,44.133,145.161,1.0,1935.0,0.0,7,1935-12-00,1935.9166666666667,1935.919406392694,Medium (3-10),Stratovolcanoes
311360,Shishaldin,United States,54.756,-163.97,2.0,2019.0,23.0,50,2019-07-23,2019.5629653964083,2019.56301369863,High (>10),Stratovolcanoes
222052,Silali,Kenya,1.15,36.23,2.0,-5050.0,0.0,3,5050-BCE-00-00,-5050.083333333333,-5049.997260273973,Medium (3-10),Shield
255050,Simbo,Solomon Islands,-8.292,156.52,2.0,1910.0,0.0,1,1910-00-00,1909.9166666666667,1910.0027397260276,Low (0-2),Stratovolcanoes
261080,Sinabung,Indonesia,3.17,98.392,2.0,2019.0,6.0,5,2019-02-06,2019.099759088918,2019.0997716894976,Medium (3-10),Stratovolcanoes
261070,Singkut,Indonesia,3.248,98.501,2.0,1881.0,0.0,1,1881-00-00,1880.9166666666667,1881.0027397260276,Low (0-2),Calderas
264270,Sirung,Indonesia,-8.508,124.13,1.0,2015.0,7.0,13,2015-07-07,2015.5191633815157,2015.519178082192,High (>10),Complex
263180,Slamet,Indonesia,-7.242,109.208,2.0,2014.0,8.0,46,2014-03-08,2014.188567674113,2014.1885844748856,High (>10),Stratovolcanoes
341021,Socorro,Mexico,18.78,-110.95,0.0,1993.0,29.0,6,1993-01-29,1993.079391151993,1993.0794520547945,Medium (3-10),Shield
357111,Sollipulli,Chile,-38.97,-71.52,2.0,1240.0,0.0,2,1240-00-00,1239.9166666666667,1240.0027397260274,Low (0-2),Calderas
266030,Soputan,Indonesia,1.112,124.737,2.0,2020.0,23.0,41,2020-03-23,2020.2296320630749,2020.2296803652969,High (>10),Stratovolcanoes
261120,Sorikmarapi,Indonesia,0.686,99.539,2.0,1996.0,5.0,10,1996-05-05,1996.3470214629872,1996.3470319634705,Medium (3-10),Stratovolcanoes
360060,Soufriere Guadeloupe,France,16.044,-61.664,2.0,1976.0,8.0,22,1976-07-08,1976.5219010074463,1976.521917808219,High (>10),Stratovolcanoes
360050,Soufriere Hills,United Kingdom,16.72,-62.18,3.0,2005.0,15.0,9,2005-04-15,2005.2910643889616,2005.291095890411,Medium (3-10),Stratovolcanoes
360150,Soufriere St. Vincent,Saint Vincent and the Grenadines,13.33,-61.18,3.0,1979.0,13.0,22,1979-04-13,1979.2855891371005,1979.285616438356,High (>10),Stratovolcanoes
390070,Southern Thule,United Kingdom,-59.442,-27.225,1.0,1975.0,2.0,1,1975-07-02,1975.5054752518613,1975.5054794520547,Low (0-2),Stratovolcanoes
313040,Spurr,United States,61.299,-152.251,4.0,1992.0,27.0,8,1992-06-27,1992.490582566798,1992.4906392694063,Medium (3-10),Stratovolcanoes
250010,St. Andrew Strait,Papua New Guinea,-2.38,147.35,2.0,1953.0,27.0,4,1953-06-27,1953.490582566798,1953.4906392694063,Medium (3-10),Complex
321050,St. Helens,United States,46.2,-122.18,2.0,2004.0,1.0,44,2004-10-01,2004.7527376259309,2004.7527397260276,High (>10),Stratovolcanoes
314010,St. Paul Island,United States,57.18,-170.3,2.0,1943.0,0.0,2,1943-00-00,1942.9166666666667,1943.0027397260276,Low (0-2),Shield
211040,Stromboli,Italy,38.789,15.213,2.0,1934.0,2.0,22,1934-02-02,1934.088808585195,1934.088812785388,High (>10),Stratovolcanoes
342160,Suchitan,Guatemala,14.4,-89.78,2.0,1469.0,0.0,1,1469-00-00,1468.9166666666667,1469.0027397260274,Low (0-2),Stratovolcanoes
352040,Sumaco,Ecuador,-0.538,-77.626,2.0,1933.0,0.0,3,1933-02-00,1933.0833333333333,1933.0860730593608,Medium (3-10),Stratovolcanoes
261180,Sumbing,Indonesia,-2.414,101.728,2.0,1921.0,23.0,2,1921-05-23,1921.3962987297416,1921.3963470319636,Low (0-2),Stratovolcanoes
263220,Sumbing,Indonesia,-7.384,110.07,1.0,1730.0,0.0,1,1730-00-00,1729.9166666666667,1730.0027397260274,Low (0-2),Stratovolcanoes
284080,Sumisujima,Japan,31.44,140.051,0.0,2005.0,8.0,24,2005-03-08,2005.188567674113,2005.1885844748856,High (>10),Others
263210,Sundoro,Indonesia,-7.3,109.992,2.0,1971.0,29.0,11,1971-10-29,1971.829391151993,1971.8294520547945,High (>10),Stratovolcanoes
257010,Suretamatai,Vanuatu,-13.8,167.47,2.0,1965.0,9.0,4,1965-08-09,1965.6079719667105,1965.60799086758,Medium (3-10),Complex
282030,Suwanosejima,Japan,29.638,129.714,2.0,2004.0,23.0,27,2004-10-23,2004.8129653964083,2004.81301369863,High (>10),Stratovolcanoes
273070,Taal,Philippines,14.002,120.993,2.0,2020.0,12.0,36,2020-01-12,2020.0328515111696,2020.0328767123287,High (>10),Calderas
355011,Taapaca,Chile,-18.1,-69.5,2.0,-320.0,0.0,8,320-BCE-00-00,-320.0833333333333,-319.9972602739726,Medium (3-10),Complex
341130,Tacana,Mexico-Guatemala,15.132,-92.109,1.0,1986.0,16.0,11,1986-02-16,1986.127135348226,1986.127168949772,High (>10),Stratovolcanoes
355010,Tacora,Chile-Peru,-17.72,-69.77,2.0,1937.0,5.0,2,1937-08-05,1937.5970214629872,1937.5970319634705,Low (0-2),Stratovolcanoes
243120,Tafu-Maka,Tonga,-15.37,-174.23,0.0,2008.0,16.0,1,2008-11-16,2008.877135348226,2008.877168949772,Low (0-2),Others
221010,"Tair, Jebel at",Yemen,15.55,41.83,3.0,2007.0,30.0,5,2007-09-30,2007.7487954445903,2007.7488584474888,Medium (3-10),Stratovolcanoes
285060,Taisetsuzan,Japan,43.664,142.854,2.0,1739.0,0.0,5,1739-00-00,1738.9166666666667,1739.0027397260274,Medium (3-10),Stratovolcanoes
283143,Takaharayama,Japan,36.9,139.777,4.0,-4570.0,0.0,1,4570-BCE-00-00,-4570.083333333333,-4569.997260273973,Low (0-2),Stratovolcanoes
390027,Takahe,Antarctica,-76.28,-112.08,2.0,-5550.0,0.0,3,5550-BCE-00-00,-5550.083333333333,-5549.997260273973,Medium (3-10),Shield
261130,Talakmau,Indonesia,0.079,99.98,1.0,1937.0,8.0,1,1937-09-08,1937.688567674113,1937.6885844748856,Low (0-2),Complex
261160,Talang,Indonesia,-0.979,100.681,2.0,2007.0,27.0,15,2007-11-27,2007.9072492334649,2007.907305936073,High (>10),Stratovolcanoes
264040,Tambora,Indonesia,-8.25,118.0,0.0,1967.0,2.0,7,1967-07-02,1967.5054752518613,1967.5054794520547,Medium (3-10),Stratovolcanoes
311080,Tanaga,United States,51.885,-178.146,0.0,1914.0,0.0,8,1914-00-00,1913.9166666666667,1914.0027397260276,Medium (3-10),Stratovolcanoes
261150,Tandikat-Singgalang,Indonesia,-0.39,100.331,1.0,1924.0,0.0,4,1924-04-00,1924.25,1924.2527397260276,Medium (3-10),Stratovolcanoes
266130,Tangkoko-Duasudara,Indonesia,1.518,125.185,1.0,1880.0,0.0,7,1880-00-00,1879.9166666666667,1880.0027397260276,Medium (3-10),Stratovolcanoes
263090,Tangkuban Parahu,Indonesia,-6.77,107.6,2.0,2019.0,26.0,22,2019-07-26,2019.5711782742003,2019.5712328767124,High (>10),Stratovolcanoes
290310,Tao-Rusyr Caldera,Russia,49.35,154.7,3.0,1952.0,12.0,2,1952-11-12,1952.8661848445029,1952.866210045662,Low (0-2),Stratovolcanoes
241030,Taranaki,New Zealand,-39.3,174.07,2.0,1854.0,0.0,43,1854-00-00,1853.9166666666667,1854.0027397260276,High (>10),Stratovolcanoes
303010,Taryatu-Chulutu,Mongolia,48.133,99.95,2.0,-2980.0,0.0,1,2980-BCE-00-00,-2980.083333333333,-2979.9972602739726,Low (0-2),Volcanic Fields
281032,Tatun Volcanic Group,Taiwan,25.178,121.553,0.0,648.0,0.0,2,0648-00-00,647.9166666666666,648.0027397260274,Low (0-2),Lava Domes
241070,Taupo,New Zealand,-38.82,176.0,0.0,260.0,0.0,25,0260-00-00,259.9166666666667,260.0027397260274,High (>10),Calderas
245010,Taveuni,Fiji,-16.82,-179.97,0.0,1550.0,0.0,34,1550-00-00,1549.9166666666667,1550.0027397260274,High (>10),Shield
343080,Tecapa,El Salvador,13.494,-88.502,2.0,1878.0,2.0,1,1878-10-02,1878.7554752518613,1878.7554794520547,Low (0-2),Stratovolcanoes
342120,Tecuamburro,Guatemala,14.156,-90.407,2.0,-960.0,0.0,1,960-BCE-00-00,-960.0833333333334,-959.9972602739726,Low (0-2),Stratovolcanoes
344040,Telica,Nicaragua,12.606,-86.84,1.0,2018.0,21.0,50,2018-06-21,2018.474156811213,2018.474200913242,High (>10),Stratovolcanoes
261050,"Telong, Bur ni",Indonesia,4.769,96.821,2.0,1937.0,0.0,6,1937-00-00,1936.9166666666667,1937.0027397260276,Medium (3-10),Stratovolcanoes
213030,Tenduruk Dagi,Turkey,39.356,43.874,2.0,1855.0,0.0,2,1855-00-00,1854.9166666666667,1855.0027397260276,Low (0-2),Shield
383030,Tenerife,Spain,28.271,-16.641,2.0,1909.0,18.0,46,1909-11-18,1909.882610600088,1909.8826484018264,High (>10),Stratovolcanoes
275110,Tengchong,China,25.23,98.5,2.0,1609.0,0.0,2,1609-00-00,1608.9166666666667,1609.0027397260274,Low (0-2),Craters and Cones
263310,Tengger Caldera,Indonesia,-7.942,112.95,2.0,2019.0,18.0,69,2019-02-18,2019.132610600088,2019.1326484018264,High (>10),Stratovolcanoes
382050,Terceira,Portugal,38.73,-27.32,0.0,1998.0,25.0,15,1998-11-25,1998.9017739816031,1998.9018264840183,High (>10),Stratovolcanoes
373090,Theistareykir,Iceland,65.833,-17.166,0.0,-900.0,0.0,3,900-BCE-00-00,-900.0833333333334,-899.9972602739726,Medium (3-10),Shield
322070,Three Sisters,United States,44.133,-121.767,2.0,1853.0,0.0,7,1853-07-00,1853.5,1853.5027397260276,Medium (3-10),Complex
256010,Tinakula,Solomon Islands,-10.386,165.804,2.0,2018.0,8.0,27,2018-12-08,2018.938567674113,2018.9385844748856,High (>10),Stratovolcanoes
357030,Tinguiririca,Chile,-34.814,-70.352,2.0,1994.0,15.0,2,1994-01-15,1994.0410643889616,1994.041095890411,Low (0-2),Stratovolcanoes
300560,Titila,Russia,57.406,160.108,2.0,-550.0,0.0,1,550-BCE-00-00,-550.0833333333334,-549.9972602739726,Low (0-2),Shield
373100,Tjornes Fracture Zone,Iceland,66.309,-17.118,2.0,1867.0,0.0,1,1867-12-00,1867.9166666666667,1867.919406392694,Low (0-2),Others
243060,Tofua,Tonga,-19.75,-175.07,1.0,2004.0,19.0,11,2004-03-19,2004.218681559352,2004.2187214611872,High (>10),Calderas
285050,Tokachidake,Japan,43.418,142.686,1.0,2004.0,25.0,28,2004-02-25,2004.1517739816031,2004.1518264840183,High (>10),Stratovolcanoes
300240,Tolbachik,Russia,55.832,160.326,4.0,2012.0,27.0,60,2012-11-27,2012.9072492334649,2012.907305936073,High (>10),Shield
357093,Tolhuaca,Chile,-38.31,-71.645,0.0,-4000.0,0.0,4,4000-BCE-00-00,-4000.0833333333335,-3999.9972602739726,Medium (3-10),Stratovolcanoes
351030,"Tolima, Nevado del",Colombia,4.658,-75.33,2.0,1943.0,0.0,12,1943-03-00,1943.1666666666667,1943.169406392694,High (>10),Stratovolcanoes
341070,"Toluca, Nevado de",Mexico,19.108,-99.758,2.0,-1350.0,0.0,1,1350-BCE-00-00,-1350.0833333333333,-1349.9972602739726,Low (0-2),Stratovolcanoes
290010,Tomariyama [Golovnin],Japan - administered by Russia,43.844,145.504,1.0,1848.0,0.0,3,1848-00-00,1847.9166666666667,1848.0027397260276,Medium (3-10),Calderas
241080,Tongariro,New Zealand,-39.157,175.632,2.0,2012.0,21.0,79,2012-11-21,2012.89082347788,2012.890867579909,High (>10),Stratovolcanoes
372050,Torfajokull,Iceland,63.892,-19.122,2.0,1477.0,0.0,10,1477-03-00,1477.1666666666667,1477.169406392694,Medium (3-10),Stratovolcanoes
284011,Toshima,Japan,34.52,139.279,0.0,-4550.0,0.0,1,4550-BCE-00-00,-4550.083333333333,-4549.997260273973,Low (0-2),Stratovolcanoes
283271,Towada,Japan,40.51,140.88,5.0,915.0,17.0,8,0915-08-17,915.6298729741568,915.6299086757992,Medium (3-10),Calderas
285030,Toya,Japan,42.544,140.839,2.0,2000.0,31.0,14,2000-03-31,2000.2515330705207,2000.251598173516,High (>10),Stratovolcanoes
257090,Traitor's Head,Vanuatu,-18.754,169.238,2.0,1959.0,2.0,2,1959-07-02,1959.5054752518613,1959.5054794520547,Low (0-2),Stratovolcanoes
312160,Trident,United States,58.236,-155.1,3.0,1974.0,15.0,15,1974-07-15,1974.5410643889616,1974.541095890411,High (>10),Stratovolcanoes
386010,Tristan da Cunha,United Kingdom,-37.092,-12.28,2.0,1961.0,10.0,2,1961-10-10,1961.777376259308,1961.777397260274,Low (0-2),Shield
360100,"Trois Pitons, Morne",Dominica,15.37,-61.33,2.0,920.0,0.0,2,0920-00-00,919.9166666666666,920.0027397260274,Low (0-2),Complex
357072,Tromen,Argentina,-37.144,-70.033,2.0,1822.0,0.0,2,1822-00-00,1821.9166666666667,1822.0027397260276,Low (0-2),Stratovolcanoes
221250,Tullu Moje,Ethiopia,8.159,39.137,2.0,1900.0,0.0,2,1900-00-00,1899.9166666666667,1900.0027397260276,Low (0-2),Craters and Cones
357010,Tupungatito,Chile-Argentina,-33.425,-69.797,2.0,1987.0,28.0,20,1987-11-28,1987.9099868593955,1987.9100456621004,High (>10),Stratovolcanoes
345070,Turrialba,Costa Rica,10.025,-83.767,2.0,2015.0,8.0,21,2015-03-08,2015.188567674113,2015.1885844748856,High (>10),Stratovolcanoes
244020,Tutuila,United States,-14.295,-170.7,3.0,440.0,0.0,1,0440-00-00,439.9166666666667,440.0027397260274,Low (0-2),Craters and Cones
354040,Tutupaca,Peru,-17.026,-70.372,2.0,1902.0,0.0,5,1902-06-00,1902.4166666666667,1902.419406392694,Medium (3-10),Stratovolcanoes
323160,Ubehebe Craters,United States,37.02,-117.45,2.0,-150.0,0.0,1,150-BCE-00-00,-150.08333333333334,-149.9972602739726,Low (0-2),Others
302030,Udokan Plateau,Russia,56.28,117.77,2.0,-220.0,0.0,5,220-BCE-00-00,-220.08333333333331,-219.9972602739726,Medium (3-10),Craters and Cones
312130,Ugashik-Peulik,United States,57.751,-156.368,2.0,1852.0,0.0,5,1852-00-00,1851.9166666666667,1852.0027397260276,Medium (3-10),Stratovolcanoes
329010,Uinkaret Field,United States,36.38,-113.13,1.0,1100.0,0.0,1,1100-00-00,1099.9166666666667,1100.0027397260274,Low (0-2),Volcanic Fields
312131,Ukinrek Maars,United States,57.832,-156.51,3.0,1977.0,30.0,2,1977-03-30,1977.2487954445903,1977.2488584474888,Low (0-2),Others
306030,Ulreung,South Korea,37.5,130.87,2.0,-2990.0,0.0,3,2990-BCE-00-00,-2990.083333333333,-2989.9972602739726,Medium (3-10),Stratovolcanoes
282100,Unzendake,Japan,32.761,130.299,2.0,1996.0,10.0,15,1996-02-10,1996.1107095926411,1996.1107305936075,High (>10),Complex
300261,Ushkovsky,Russia,56.113,160.509,2.0,1890.0,0.0,3,1890-04-00,1890.25,1890.2527397260276,Medium (3-10),Complex
231020,"Uwayrid, Harrat",Saudi Arabia,27.08,37.25,2.0,640.0,0.0,1,0640-00-00,639.9166666666666,640.0027397260274,Low (0-2),Volcanic Fields
300170,Uzon,Russia,54.5,159.97,2.0,200.0,0.0,4,0200-00-00,199.91666666666663,200.0027397260274,Medium (3-10),Calderas
244000,Vailulu'u,United States,-14.215,-169.058,0.0,2003.0,16.0,3,2003-04-16,2003.293802014893,2003.2938356164384,Medium (3-10),Others
214080,Vaiyots-Sar,Armenia,39.797,45.497,2.0,753.0,0.0,2,0753-00-00,752.9166666666666,753.0027397260274,Low (0-2),Craters and Cones
372010,Vestmannaeyjar,Iceland,63.416,-20.266,3.0,1973.0,23.0,10,1973-01-23,1973.0629653964083,1973.06301369863,Medium (3-10),Others
211020,Vesuvius,Italy,40.821,14.426,3.0,1913.0,5.0,61,1913-07-05,1913.513688129654,1913.513698630137,High (>10),Stratovolcanoes
253030,Victory,Papua New Guinea,-9.2,149.07,2.0,1890.0,0.0,2,1890-00-00,1889.9166666666667,1890.0027397260276,Low (0-2),Stratovolcanoes
357120,Villarrica,Chile,-39.42,-71.93,1.0,2014.0,2.0,164,2014-12-02,2014.9221419185285,2014.9221461187212,High (>10),Stratovolcanoes
300083,Vilyuchik,Russia,52.7,158.28,2.0,-8050.0,0.0,1,8050-BCE-00-00,-8050.083333333333,-8049.997260273973,Low (0-2),Stratovolcanoes
223050,Visoke,DR Congo-Rwanda,-1.458,29.485,1.0,1957.0,1.0,2,1957-08-01,1957.586070959264,1957.5860730593608,Low (0-2),Stratovolcanoes
211050,Vulcano,Italy,38.404,14.962,2.0,1968.0,11.0,46,1968-07-11,1968.5301138852387,1968.5301369863012,High (>10),Stratovolcanoes
211003,Vulsini,Italy,42.6,11.93,2.0,-104.0,0.0,1,104-BCE-00-00,-104.08333333333331,-103.9972602739726,Low (0-2),Calderas
300221,Vysoky,Russia,55.064,160.765,0.0,-550.0,0.0,1,550-BCE-00-00,-550.0833333333334,-549.9972602739726,Low (0-2),Stratovolcanoes
324030,Wapi Lava Field,United States,42.88,-113.22,2.0,-300.0,0.0,1,300-BCE-00-00,-300.0833333333333,-299.9972602739726,Low (0-2),Shield
360101,"Watt, Morne",Dominica,15.307,-61.305,1.0,1997.0,15.0,5,1997-07-15,1997.5410643889616,1997.541095890411,Medium (3-10),Stratovolcanoes
320150,Wells Gray-Clearwater,Canada,52.33,-120.57,2.0,1550.0,0.0,2,1550-00-00,1549.9166666666667,1550.0027397260274,Low (0-2),Craters and Cones
321060,West Crater,United States,45.88,-122.08,2.0,-5750.0,0.0,2,5750-BCE-00-00,-5750.083333333333,-5749.997260273973,Low (0-2),Volcanic Fields
210010,West Eifel Volcanic Field,Germany,50.17,6.85,2.0,-8300.0,0.0,2,8300-BCE-00-00,-8300.083333333334,-8299.997260273973,Low (0-2),Others
243130,West Mata,Tonga,-15.1,-173.75,0.0,2008.0,16.0,1,2008-11-16,2008.877135348226,2008.877168949772,Low (0-2),Others
311340,Westdahl,United States,54.516,-164.65,3.0,1991.0,29.0,8,1991-11-29,1991.9127244853264,1991.912785388128,Medium (3-10),Stratovolcanoes
241040,Whakaari/White Island,New Zealand,-37.52,177.18,2.0,2019.0,9.0,42,2019-12-09,2019.941305300044,2019.9413242009127,High (>10),Stratovolcanoes
263270,Wilis,Indonesia,-7.808,111.758,2.0,1641.0,0.0,1,1641-00-00,1640.9166666666667,1641.0027397260274,Low (0-2),Stratovolcanoes
252080,Witori,Papua New Guinea,-5.576,150.516,2.0,2012.0,3.0,21,2012-05-03,2012.3415462111257,2012.341552511416,High (>10),Calderas
315020,Wrangell,United States,62.006,-144.017,1.0,2002.0,1.0,14,2002-08-01,2002.586070959264,2002.5860730593608,High (>10),Shield
305030,Wudalianchi,China,48.72,126.12,2.0,1776.0,0.0,2,1776-00-00,1775.9166666666667,1776.0027397260274,Low (0-2),Volcanic Fields
283070,Yakedake,Japan,36.227,137.587,1.0,1995.0,11.0,38,1995-02-11,1995.113447218572,1995.1134703196344,High (>10),Stratovolcanoes
231080,"Yar, Jabal",Saudi Arabia,17.05,42.83,2.0,1810.0,0.0,1,1810-00-00,1809.9166666666667,1810.0027397260276,Low (0-2),Volcanic Fields
257100,Yasur,Vanuatu,-19.532,169.447,3.0,1774.0,2.0,4,1774-07-02,1774.5054752518615,1774.5054794520547,Medium (3-10),Stratovolcanoes
300021,Yavinsky,Russia,51.533,156.629,2.0,-4050.0,0.0,1,4050-BCE-00-00,-4050.0833333333335,-4049.9972602739726,Low (0-2),Stratovolcanoes
325010,Yellowstone,United States,44.43,-110.67,2.0,-1350.0,0.0,4,1350-BCE-00-00,-1350.0833333333333,-1349.9972602739726,Medium (3-10),Calderas
282021,Yokoate-jima,Japan,28.797,128.997,2.0,1835.0,0.0,1,1835-00-00,1834.9166666666667,1835.0027397260276,Low (0-2),Stratovolcanoes
283031,Yokodake,Japan,36.087,138.32,2.0,1200.0,0.0,2,1200-00-00,1199.9166666666667,1200.0027397260274,Low (0-2),Stratovolcanoes
282081,Yonemaru-Sumiyoshiike,Japan,31.771,130.592,3.0,-6200.0,0.0,2,6200-BCE-00-00,-6200.083333333333,-6199.997260273973,Low (0-2),Others
285032,Yoteizan,Japan,42.827,140.812,2.0,-1050.0,0.0,2,1050-BCE-00-00,-1050.0833333333333,-1049.9972602739726,Low (0-2),Stratovolcanoes
354050,Yucamane,Peru,-17.184,-70.196,5.0,-1320.0,0.0,1,1320-BCE-00-00,-1320.0833333333333,-1319.9972602739726,Low (0-2),Stratovolcanoes
282130,Yufu-Tsurumi,Japan,33.282,131.39,3.0,867.0,4.0,3,0867-03-04,867.1776171703898,867.1776255707763,Medium (3-10),Lava Domes
311210,Yunaska,United States,52.643,-170.629,3.0,1937.0,3.0,6,1937-11-03,1937.8415462111257,1937.841552511416,Medium (3-10),Shield
283190,Zaozan [Zaosan],Japan,38.144,140.44,1.0,1940.0,18.0,52,1940-05-18,1940.382610600088,1940.3826484018264,High (>10),Complex
300124,Zavaritsky,Russia,53.905,158.385,2.0,-800.0,0.0,2,800-BCE-00-00,-800.0833333333334,-799.9972602739726,Low (0-2),Craters and Cones
390130,Zavodovski,United Kingdom,-56.3,-27.57,1.0,2016.0,30.0,5,2016-03-30,2016.2487954445903,2016.2488584474888,Medium (3-10),Stratovolcanoes
341061,Zitacuaro-Valle de Bravo,Mexico,19.4,-100.25,0.0,-3050.0,0.0,1,3050-BCE-00-00,-3050.083333333333,-3049.9972602739726,Low (0-2),Calderas
221020,Zubair Group,Yemen,15.05,42.18,2.0,2013.0,28.0,4,2013-09-28,2013.7433201927288,2013.7433789954337,Medium (3-10),Shield
327120,Zuni-Bandera,United States,34.8,-108.0,0.0,-1170.0,0.0,2,1170-BCE-00-00,-1170.0833333333333,-1169.9972602739726,Low (0-2),Volcanic Fields
